#
# There is insufficient memory for the Java Runtime Environment to continue.
# Native memory allocation (mmap) failed to map 158334976 bytes. Error detail: G1 virtual space
# Possible reasons:
#   The system is out of physical RAM or swap space
#   This process is running with CompressedOops enabled, and the Java Heap may be blocking the growth of the native heap
# Possible solutions:
#   Reduce memory load on the system
#   Increase physical memory or swap space
#   Check if swap backing store is full
#   Decrease Java heap size (-Xmx/-Xms)
#   Decrease number of Java threads
#   Decrease Java thread stack sizes (-Xss)
#   Set larger code cache with -XX:ReservedCodeCacheSize=
#   JVM is running with Unscaled Compressed Oops mode in which the Java heap is
#     placed in the first 4GB address space. The Java Heap base address is the
#     maximum limit for the native heap growth. Please use -XX:HeapBaseMinAddress
#     to set the Java Heap base and to place the Java Heap above 4GB virtual address.
# This output file may be truncated or incomplete.
#
#  Out of Memory Error (os_windows.cpp:3898), pid=30628, tid=11964
#
# JRE version: OpenJDK Runtime Environment (21.0.6) (build 21.0.6+-13368085-b895.109)
# Java VM: OpenJDK 64-Bit Server VM (21.0.6+-13368085-b895.109, mixed mode, tiered, compressed oops, compressed class ptrs, g1 gc, windows-amd64)
# No core dump will be written. Minidumps are not enabled by default on client versions of Windows
#

---------------  S U M M A R Y ------------

Command Line: --add-opens=java.base/java.lang=ALL-UNNAMED --add-opens=java.base/java.lang.invoke=ALL-UNNAMED --add-opens=java.base/java.util=ALL-UNNAMED --add-opens=java.prefs/java.util.prefs=ALL-UNNAMED --add-exports=jdk.compiler/com.sun.tools.javac.api=ALL-UNNAMED --add-exports=jdk.compiler/com.sun.tools.javac.util=ALL-UNNAMED --add-opens=java.base/java.util=ALL-UNNAMED --add-opens=java.prefs/java.util.prefs=ALL-UNNAMED --add-opens=java.base/java.nio.charset=ALL-UNNAMED --add-opens=java.base/java.net=ALL-UNNAMED --add-opens=java.base/java.util.concurrent.atomic=ALL-UNNAMED --add-opens=java.xml/javax.xml.namespace=ALL-UNNAMED -Xmx2048m -Dfile.encoding=UTF-8 -Duser.country=US -Duser.language=en -Duser.variant -javaagent:C:\Users\Acer\.gradle\wrapper\dists\gradle-8.11.1-bin\bpt9gzteqjrbo1mjrsomdt32c\gradle-8.11.1\lib\agents\gradle-instrumentation-agent-8.11.1.jar org.gradle.launcher.daemon.bootstrap.GradleDaemon 8.11.1

Host: AMD Ryzen 5 5500U with Radeon Graphics         , 12 cores, 15G,  Windows 11 , 64 bit Build 26100 (10.0.26100.7920)
Time: Mon Apr 27 22:58:44 2026 India Standard Time elapsed time: 60.699909 seconds (0d 0h 1m 0s)

---------------  T H R E A D  ---------------

Current thread (0x000001e21bf230a0):  VMThread "VM Thread"          [id=11964, stack(0x0000007b00c00000,0x0000007b00d00000) (1024K)]

Stack: [0x0000007b00c00000,0x0000007b00d00000]
Native frames: (J=compiled Java code, j=interpreted, Vv=VM code, C=native code)
V  [jvm.dll+0x6d0639]
V  [jvm.dll+0x85eb03]
V  [jvm.dll+0x86105e]
V  [jvm.dll+0x861743]
V  [jvm.dll+0x27e6e6]
V  [jvm.dll+0x6ccfd5]
V  [jvm.dll+0x6c0a8a]
V  [jvm.dll+0x35537b]
V  [jvm.dll+0x35cfd6]
V  [jvm.dll+0x3aef86]
V  [jvm.dll+0x3af258]
V  [jvm.dll+0x327a2c]
V  [jvm.dll+0x327ab7]
V  [jvm.dll+0x36d93c]
V  [jvm.dll+0x36c0ee]
V  [jvm.dll+0x327181]
V  [jvm.dll+0x36bb1b]
V  [jvm.dll+0x8674c8]
V  [jvm.dll+0x868844]
V  [jvm.dll+0x868d80]
V  [jvm.dll+0x869013]
V  [jvm.dll+0x806ed8]
V  [jvm.dll+0x6cef0d]
C  [ucrtbase.dll+0x37b0]
C  [KERNEL32.DLL+0x2e8d7]
C  [ntdll.dll+0x8c48c]

VM_Operation (0x0000007b0befa350): G1TryInitiateConcMark, mode: safepoint, requested by thread 0x000001e226e144d0


---------------  P R O C E S S  ---------------

Threads class SMR info:
_java_thread_list=0x000001e224dc1e40, length=173, elements={
0x000001e204429ac0, 0x000001e21c089340, 0x000001e21c08bda0, 0x000001e21c09fbc0,
0x000001e21c0a0610, 0x000001e21c0a9c40, 0x000001e21c0aa2a0, 0x000001e21c0ab020,
0x000001e21c0b3ac0, 0x000001e21c0f7d60, 0x000001e21c4deb10, 0x000001e222283320,
0x000001e222215a70, 0x000001e2226997e0, 0x000001e222351f40, 0x000001e2223529b0,
0x000001e2223220b0, 0x000001e222327100, 0x000001e2223297b0, 0x000001e222042530,
0x000001e2220438e0, 0x000001e222044c90, 0x000001e222043f70, 0x000001e222043250,
0x000001e222044600, 0x000001e222041810, 0x000001e222041ea0, 0x000001e222042bc0,
0x000001e224eeb8e0, 0x000001e224eebf70, 0x000001e224ee9810, 0x000001e224eec600,
0x000001e224eeabc0, 0x000001e224eea530, 0x000001e224eeb250, 0x000001e225422150,
0x000001e225420da0, 0x000001e225423b90, 0x000001e225423500, 0x000001e225424220,
0x000001e2254227e0, 0x000001e225422e70, 0x000001e2254248b0, 0x000001e225421430,
0x000001e225421ac0, 0x000001e2254262f0, 0x000001e225427010, 0x000001e225427d30,
0x000001e2254283c0, 0x000001e2254276a0, 0x000001e225424f40, 0x000001e2254255d0,
0x000001e225425c60, 0x000001e225426980, 0x000001e225f31830, 0x000001e225f2ea40,
0x000001e225f32550, 0x000001e225f31ec0, 0x000001e225f2f0d0, 0x000001e225f30480,
0x000001e225f30b10, 0x000001e225f32be0, 0x000001e225f2f760, 0x000001e225f33270,
0x000001e225f2fdf0, 0x000001e2227a26d0, 0x000001e2227a4e30, 0x000001e2227a54c0,
0x000001e2227a61e0, 0x000001e2227a9660, 0x000001e226c33b80, 0x000001e226c34f30,
0x000001e226c32140, 0x000001e226c348a0, 0x000001e226c355c0, 0x000001e226c35c50,
0x000001e226c327d0, 0x000001e226c362e0, 0x000001e226c32e60, 0x000001e226c383b0,
0x000001e226c36970, 0x000001e226c37d20, 0x000001e226c37000, 0x000001e21c5740f0,
0x000001e21c578fb0, 0x000001e21c5761c0, 0x000001e21c576ee0, 0x000001e21c577570,
0x000001e21c577c00, 0x000001e21c578920, 0x000001e21c579640, 0x000001e21c578290,
0x000001e226c31420, 0x000001e226c334f0, 0x000001e2234ff350, 0x000001e227b01310,
0x000001e227b03a70, 0x000001e227b005f0, 0x000001e227b04100, 0x000001e227b019a0,
0x000001e227b02030, 0x000001e227b026c0, 0x000001e227b00c80, 0x000001e227b04790,
0x000001e227b054b0, 0x000001e227b061d0, 0x000001e227b05b40, 0x000001e227b04e20,
0x000001e227b02d50, 0x000001e227b06860, 0x000001e227b06ef0, 0x000001e227b07580,
0x000001e227b07c10, 0x000001e2234fb840, 0x000001e2234fa490, 0x000001e2234f9e00,
0x000001e2234fab20, 0x000001e2234fb1b0, 0x000001e2234f8a50, 0x000001e2234f83c0,
0x000001e2234fbed0, 0x000001e2234fc560, 0x000001e2234fcbf0, 0x000001e2234f9770,
0x000001e2234ff9e0, 0x000001e2234fd280, 0x000001e2234fecc0, 0x000001e2234fe630,
0x000001e2234fd910, 0x000001e2234fdfa0, 0x000001e226c34210, 0x000001e226c31ab0,
0x000001e2227a8940, 0x000001e2227a8fd0, 0x000001e224b60370, 0x000001e224b5d580,
0x000001e224b61090, 0x000001e224b5e930, 0x000001e224b60a00, 0x000001e224b5dc10,
0x000001e224b5e2a0, 0x000001e224b5efc0, 0x000001e224b62440, 0x000001e224b5f650,
0x000001e224b61720, 0x000001e224b63160, 0x000001e224b61db0, 0x000001e224b5fce0,
0x000001e224b63e80, 0x000001e224b64510, 0x000001e224b64ba0, 0x000001e224b62ad0,
0x000001e224b637f0, 0x000001e223e73270, 0x000001e223e711a0, 0x000001e223e70480,
0x000001e223e73f90, 0x000001e223e72be0, 0x000001e223e73900, 0x000001e223e70b10,
0x000001e223e72550, 0x000001e223e74620, 0x000001e223e74cb0, 0x000001e223e71830,
0x000001e223e7f750, 0x000001e225f35340, 0x000001e226e144d0, 0x000001e226e12a90,
0x000001e226e14b60, 0x000001e226e11d70, 0x000001e226e13e40, 0x000001e222afc5d0,
0x000001e222afd370
}

Java Threads: ( => current thread )
  0x000001e204429ac0 JavaThread "main"                              [_thread_blocked, id=27412, stack(0x0000007b00500000,0x0000007b00600000) (1024K)]
  0x000001e21c089340 JavaThread "Reference Handler"          daemon [_thread_blocked, id=26840, stack(0x0000007b00d00000,0x0000007b00e00000) (1024K)]
  0x000001e21c08bda0 JavaThread "Finalizer"                  daemon [_thread_blocked, id=33168, stack(0x0000007b00e00000,0x0000007b00f00000) (1024K)]
  0x000001e21c09fbc0 JavaThread "Signal Dispatcher"          daemon [_thread_blocked, id=12732, stack(0x0000007b00f00000,0x0000007b01000000) (1024K)]
  0x000001e21c0a0610 JavaThread "Attach Listener"            daemon [_thread_blocked, id=24284, stack(0x0000007b01000000,0x0000007b01100000) (1024K)]
  0x000001e21c0a9c40 JavaThread "Service Thread"             daemon [_thread_blocked, id=12344, stack(0x0000007b01100000,0x0000007b01200000) (1024K)]
  0x000001e21c0aa2a0 JavaThread "Monitor Deflation Thread"   daemon [_thread_blocked, id=25044, stack(0x0000007b01200000,0x0000007b01300000) (1024K)]
  0x000001e21c0ab020 JavaThread "C2 CompilerThread0"         daemon [_thread_blocked, id=15304, stack(0x0000007b01300000,0x0000007b01400000) (1024K)]
  0x000001e21c0b3ac0 JavaThread "C1 CompilerThread0"         daemon [_thread_blocked, id=24224, stack(0x0000007b01400000,0x0000007b01500000) (1024K)]
  0x000001e21c0f7d60 JavaThread "Common-Cleaner"             daemon [_thread_blocked, id=8840, stack(0x0000007b01500000,0x0000007b01600000) (1024K)]
  0x000001e21c4deb10 JavaThread "Notification Thread"        daemon [_thread_blocked, id=1076, stack(0x0000007b01600000,0x0000007b01700000) (1024K)]
  0x000001e222283320 JavaThread "Daemon health stats"               [_thread_blocked, id=4104, stack(0x0000007b01d00000,0x0000007b01e00000) (1024K)]
  0x000001e222215a70 JavaThread "Incoming local TCP Connector on port 57276"        [_thread_in_native, id=26208, stack(0x0000007b01e00000,0x0000007b01f00000) (1024K)]
  0x000001e2226997e0 JavaThread "Daemon periodic checks"            [_thread_blocked, id=3236, stack(0x0000007b01f00000,0x0000007b02000000) (1024K)]
  0x000001e222351f40 JavaThread "Daemon"                            [_thread_blocked, id=19040, stack(0x0000007b02000000,0x0000007b02100000) (1024K)]
  0x000001e2223529b0 JavaThread "Handler for socket connection from /127.0.0.1:57276 to /127.0.0.1:57279"        [_thread_in_native, id=23992, stack(0x0000007b02100000,0x0000007b02200000) (1024K)]
  0x000001e2223220b0 JavaThread "Cancel handler"                    [_thread_blocked, id=26128, stack(0x0000007b02200000,0x0000007b02300000) (1024K)]
  0x000001e222327100 JavaThread "Daemon worker"                     [_thread_blocked, id=14772, stack(0x0000007b02300000,0x0000007b02400000) (1024K)]
  0x000001e2223297b0 JavaThread "Asynchronous log dispatcher for DefaultDaemonConnection: socket connection from /127.0.0.1:57276 to /127.0.0.1:57279"        [_thread_blocked, id=2616, stack(0x0000007b02400000,0x0000007b02500000) (1024K)]
  0x000001e222042530 JavaThread "Stdin handler"                     [_thread_blocked, id=32248, stack(0x0000007b02500000,0x0000007b02600000) (1024K)]
  0x000001e2220438e0 JavaThread "Daemon client event forwarder"        [_thread_blocked, id=25776, stack(0x0000007b02600000,0x0000007b02700000) (1024K)]
  0x000001e222044c90 JavaThread "Cache worker for journal cache (C:\Users\Acer\.gradle\caches\journal-1)"        [_thread_blocked, id=28512, stack(0x0000007b01800000,0x0000007b01900000) (1024K)]
  0x000001e222043f70 JavaThread "File lock request listener"        [_thread_in_native, id=35208, stack(0x0000007b02d00000,0x0000007b02e00000) (1024K)]
  0x000001e222043250 JavaThread "Cache worker for file hash cache (C:\Users\Acer\.gradle\caches\8.11.1\fileHashes)"        [_thread_blocked, id=34608, stack(0x0000007b02e00000,0x0000007b02f00000) (1024K)]
  0x000001e222044600 JavaThread "Cache worker for file content cache (C:\Users\Acer\.gradle\caches\8.11.1\fileContent)"        [_thread_blocked, id=19556, stack(0x0000007b03100000,0x0000007b03200000) (1024K)]
  0x000001e222041810 JavaThread "Cache worker for file hash cache (C:\SupplyLens\.gradle\8.11.1\fileHashes)"        [_thread_blocked, id=20008, stack(0x0000007b03200000,0x0000007b03300000) (1024K)]
  0x000001e222041ea0 JavaThread "Cache worker for Build Output Cleanup Cache (C:\SupplyLens\.gradle\buildOutputCleanup)"        [_thread_blocked, id=8804, stack(0x0000007b03300000,0x0000007b03400000) (1024K)]
  0x000001e222042bc0 JavaThread "File watcher server"        daemon [_thread_blocked, id=27440, stack(0x0000007b03400000,0x0000007b03500000) (1024K)]
  0x000001e224eeb8e0 JavaThread "File watcher consumer"      daemon [_thread_blocked, id=25664, stack(0x0000007b03500000,0x0000007b03600000) (1024K)]
  0x000001e224eebf70 JavaThread "Cache worker for checksums cache (C:\SupplyLens\.gradle\8.11.1\checksums)"        [_thread_blocked, id=35288, stack(0x0000007b02f00000,0x0000007b03000000) (1024K)]
  0x000001e224ee9810 JavaThread "Cache worker for cache directory md-rule (C:\Users\Acer\.gradle\caches\8.11.1\md-rule)"        [_thread_blocked, id=13808, stack(0x0000007b03000000,0x0000007b03100000) (1024K)]
  0x000001e224eec600 JavaThread "Cache worker for cache directory md-supplier (C:\Users\Acer\.gradle\caches\8.11.1\md-supplier)"        [_thread_blocked, id=23816, stack(0x0000007b03600000,0x0000007b03700000) (1024K)]
  0x000001e224eeabc0 JavaThread "Unconstrained build operations"        [_thread_blocked, id=1292, stack(0x0000007b03900000,0x0000007b03a00000) (1024K)]
  0x000001e224eea530 JavaThread "Unconstrained build operations Thread 2"        [_thread_blocked, id=30184, stack(0x0000007b03a00000,0x0000007b03b00000) (1024K)]
  0x000001e224eeb250 JavaThread "Unconstrained build operations Thread 3"        [_thread_blocked, id=35120, stack(0x0000007b03b00000,0x0000007b03c00000) (1024K)]
  0x000001e225422150 JavaThread "Unconstrained build operations Thread 4"        [_thread_blocked, id=8264, stack(0x0000007b03c00000,0x0000007b03d00000) (1024K)]
  0x000001e225420da0 JavaThread "Unconstrained build operations Thread 5"        [_thread_blocked, id=35128, stack(0x0000007b03d00000,0x0000007b03e00000) (1024K)]
  0x000001e225423b90 JavaThread "Unconstrained build operations Thread 6"        [_thread_blocked, id=11256, stack(0x0000007b03e00000,0x0000007b03f00000) (1024K)]
  0x000001e225423500 JavaThread "Unconstrained build operations Thread 7"        [_thread_blocked, id=13980, stack(0x0000007b03f00000,0x0000007b04000000) (1024K)]
  0x000001e225424220 JavaThread "Unconstrained build operations Thread 8"        [_thread_blocked, id=31192, stack(0x0000007b04000000,0x0000007b04100000) (1024K)]
  0x000001e2254227e0 JavaThread "Unconstrained build operations Thread 9"        [_thread_blocked, id=7932, stack(0x0000007b04100000,0x0000007b04200000) (1024K)]
  0x000001e225422e70 JavaThread "Unconstrained build operations Thread 10"        [_thread_blocked, id=9908, stack(0x0000007b04200000,0x0000007b04300000) (1024K)]
  0x000001e2254248b0 JavaThread "Unconstrained build operations Thread 11"        [_thread_blocked, id=5008, stack(0x0000007b04300000,0x0000007b04400000) (1024K)]
  0x000001e225421430 JavaThread "Unconstrained build operations Thread 12"        [_thread_blocked, id=17144, stack(0x0000007b04400000,0x0000007b04500000) (1024K)]
  0x000001e225421ac0 JavaThread "Unconstrained build operations Thread 13"        [_thread_blocked, id=22052, stack(0x0000007b04500000,0x0000007b04600000) (1024K)]
  0x000001e2254262f0 JavaThread "Unconstrained build operations Thread 14"        [_thread_blocked, id=17540, stack(0x0000007b04600000,0x0000007b04700000) (1024K)]
  0x000001e225427010 JavaThread "Unconstrained build operations Thread 15"        [_thread_blocked, id=34940, stack(0x0000007b04700000,0x0000007b04800000) (1024K)]
  0x000001e225427d30 JavaThread "Unconstrained build operations Thread 16"        [_thread_blocked, id=35504, stack(0x0000007b04800000,0x0000007b04900000) (1024K)]
  0x000001e2254283c0 JavaThread "Unconstrained build operations Thread 17"        [_thread_blocked, id=24032, stack(0x0000007b04900000,0x0000007b04a00000) (1024K)]
  0x000001e2254276a0 JavaThread "Unconstrained build operations Thread 18"        [_thread_blocked, id=10100, stack(0x0000007b04a00000,0x0000007b04b00000) (1024K)]
  0x000001e225424f40 JavaThread "Unconstrained build operations Thread 19"        [_thread_blocked, id=12140, stack(0x0000007b04b00000,0x0000007b04c00000) (1024K)]
  0x000001e2254255d0 JavaThread "Unconstrained build operations Thread 20"        [_thread_blocked, id=36196, stack(0x0000007b04c00000,0x0000007b04d00000) (1024K)]
  0x000001e225425c60 JavaThread "Unconstrained build operations Thread 21"        [_thread_blocked, id=11816, stack(0x0000007b04d00000,0x0000007b04e00000) (1024K)]
  0x000001e225426980 JavaThread "Unconstrained build operations Thread 22"        [_thread_blocked, id=14240, stack(0x0000007b04e00000,0x0000007b04f00000) (1024K)]
  0x000001e225f31830 JavaThread "Unconstrained build operations Thread 23"        [_thread_blocked, id=11420, stack(0x0000007b04f00000,0x0000007b05000000) (1024K)]
  0x000001e225f2ea40 JavaThread "Unconstrained build operations Thread 24"        [_thread_blocked, id=25936, stack(0x0000007b05000000,0x0000007b05100000) (1024K)]
  0x000001e225f32550 JavaThread "Unconstrained build operations Thread 25"        [_thread_blocked, id=13736, stack(0x0000007b05100000,0x0000007b05200000) (1024K)]
  0x000001e225f31ec0 JavaThread "Unconstrained build operations Thread 26"        [_thread_blocked, id=24020, stack(0x0000007b05200000,0x0000007b05300000) (1024K)]
  0x000001e225f2f0d0 JavaThread "Unconstrained build operations Thread 27"        [_thread_blocked, id=36012, stack(0x0000007b05300000,0x0000007b05400000) (1024K)]
  0x000001e225f30480 JavaThread "Unconstrained build operations Thread 28"        [_thread_blocked, id=13092, stack(0x0000007b05400000,0x0000007b05500000) (1024K)]
  0x000001e225f30b10 JavaThread "Unconstrained build operations Thread 29"        [_thread_blocked, id=25948, stack(0x0000007b05500000,0x0000007b05600000) (1024K)]
  0x000001e225f32be0 JavaThread "Unconstrained build operations Thread 30"        [_thread_blocked, id=23280, stack(0x0000007b05600000,0x0000007b05700000) (1024K)]
  0x000001e225f2f760 JavaThread "Unconstrained build operations Thread 31"        [_thread_blocked, id=1836, stack(0x0000007b05700000,0x0000007b05800000) (1024K)]
  0x000001e225f33270 JavaThread "Unconstrained build operations Thread 32"        [_thread_blocked, id=15216, stack(0x0000007b05800000,0x0000007b05900000) (1024K)]
  0x000001e225f2fdf0 JavaThread "Unconstrained build operations Thread 33"        [_thread_blocked, id=9480, stack(0x0000007b05900000,0x0000007b05a00000) (1024K)]
  0x000001e2227a26d0 JavaThread "build event listener"              [_thread_blocked, id=8140, stack(0x0000007b03700000,0x0000007b03800000) (1024K)]
  0x000001e2227a4e30 JavaThread "Memory manager"                    [_thread_blocked, id=424, stack(0x0000007b05a00000,0x0000007b05b00000) (1024K)]
  0x000001e2227a54c0 JavaThread "build event listener"              [_thread_blocked, id=2728, stack(0x0000007b05b00000,0x0000007b05c00000) (1024K)]
  0x000001e2227a61e0 JavaThread "pool-3-thread-1"                   [_thread_blocked, id=26156, stack(0x0000007b05d00000,0x0000007b05e00000) (1024K)]
  0x000001e2227a9660 JavaThread "build event listener"              [_thread_blocked, id=27024, stack(0x0000007b05e00000,0x0000007b05f00000) (1024K)]
  0x000001e226c33b80 JavaThread "included builds"                   [_thread_blocked, id=25516, stack(0x0000007b05f00000,0x0000007b06000000) (1024K)]
  0x000001e226c34f30 JavaThread "Execution worker"                  [_thread_blocked, id=17388, stack(0x0000007b06000000,0x0000007b06100000) (1024K)]
  0x000001e226c32140 JavaThread "Execution worker Thread 2"         [_thread_blocked, id=35536, stack(0x0000007b06100000,0x0000007b06200000) (1024K)]
  0x000001e226c348a0 JavaThread "Execution worker Thread 3"         [_thread_blocked, id=27632, stack(0x0000007b06200000,0x0000007b06300000) (1024K)]
  0x000001e226c355c0 JavaThread "Execution worker Thread 4"         [_thread_blocked, id=19064, stack(0x0000007b06300000,0x0000007b06400000) (1024K)]
  0x000001e226c35c50 JavaThread "Execution worker Thread 5"         [_thread_blocked, id=29304, stack(0x0000007b06400000,0x0000007b06500000) (1024K)]
  0x000001e226c327d0 JavaThread "Execution worker Thread 6"         [_thread_blocked, id=21368, stack(0x0000007b06500000,0x0000007b06600000) (1024K)]
  0x000001e226c362e0 JavaThread "Execution worker Thread 7"         [_thread_blocked, id=35344, stack(0x0000007b06600000,0x0000007b06700000) (1024K)]
  0x000001e226c32e60 JavaThread "Execution worker Thread 8"         [_thread_blocked, id=1264, stack(0x0000007b06700000,0x0000007b06800000) (1024K)]
  0x000001e226c383b0 JavaThread "Execution worker Thread 9"         [_thread_blocked, id=8260, stack(0x0000007b06800000,0x0000007b06900000) (1024K)]
  0x000001e226c36970 JavaThread "Execution worker Thread 10"        [_thread_blocked, id=29700, stack(0x0000007b06900000,0x0000007b06a00000) (1024K)]
  0x000001e226c37d20 JavaThread "Execution worker Thread 11"        [_thread_blocked, id=32312, stack(0x0000007b06a00000,0x0000007b06b00000) (1024K)]
  0x000001e226c37000 JavaThread "Cache worker for execution history cache (C:\SupplyLens\.gradle\8.11.1\executionHistory)"        [_thread_blocked, id=34932, stack(0x0000007b06b00000,0x0000007b06c00000) (1024K)]
  0x000001e21c5740f0 JavaThread "Unconstrained build operations Thread 34"        [_thread_blocked, id=6636, stack(0x0000007b06c00000,0x0000007b06d00000) (1024K)]
  0x000001e21c578fb0 JavaThread "Unconstrained build operations Thread 35"        [_thread_blocked, id=1680, stack(0x0000007b06d00000,0x0000007b06e00000) (1024K)]
  0x000001e21c5761c0 JavaThread "Unconstrained build operations Thread 36"        [_thread_blocked, id=35112, stack(0x0000007b06e00000,0x0000007b06f00000) (1024K)]
  0x000001e21c576ee0 JavaThread "Unconstrained build operations Thread 37"        [_thread_blocked, id=28228, stack(0x0000007b06f00000,0x0000007b07000000) (1024K)]
  0x000001e21c577570 JavaThread "Unconstrained build operations Thread 38"        [_thread_blocked, id=33096, stack(0x0000007b07000000,0x0000007b07100000) (1024K)]
  0x000001e21c577c00 JavaThread "Unconstrained build operations Thread 39"        [_thread_blocked, id=35084, stack(0x0000007b07100000,0x0000007b07200000) (1024K)]
  0x000001e21c578920 JavaThread "Unconstrained build operations Thread 40"        [_thread_blocked, id=8484, stack(0x0000007b07200000,0x0000007b07300000) (1024K)]
  0x000001e21c579640 JavaThread "Unconstrained build operations Thread 41"        [_thread_blocked, id=27240, stack(0x0000007b07300000,0x0000007b07400000) (1024K)]
  0x000001e21c578290 JavaThread "Unconstrained build operations Thread 42"        [_thread_blocked, id=26700, stack(0x0000007b07400000,0x0000007b07500000) (1024K)]
  0x000001e226c31420 JavaThread "Unconstrained build operations Thread 43"        [_thread_blocked, id=33540, stack(0x0000007b07500000,0x0000007b07600000) (1024K)]
  0x000001e226c334f0 JavaThread "Unconstrained build operations Thread 44"        [_thread_blocked, id=8492, stack(0x0000007b07600000,0x0000007b07700000) (1024K)]
  0x000001e2234ff350 JavaThread "Unconstrained build operations Thread 45"        [_thread_blocked, id=8608, stack(0x0000007b07700000,0x0000007b07800000) (1024K)]
  0x000001e227b01310 JavaThread "Unconstrained build operations Thread 46"        [_thread_blocked, id=33804, stack(0x0000007b07800000,0x0000007b07900000) (1024K)]
  0x000001e227b03a70 JavaThread "Unconstrained build operations Thread 47"        [_thread_blocked, id=12772, stack(0x0000007b07900000,0x0000007b07a00000) (1024K)]
  0x000001e227b005f0 JavaThread "Unconstrained build operations Thread 48"        [_thread_blocked, id=3916, stack(0x0000007b07a00000,0x0000007b07b00000) (1024K)]
  0x000001e227b04100 JavaThread "Unconstrained build operations Thread 49"        [_thread_blocked, id=31752, stack(0x0000007b07b00000,0x0000007b07c00000) (1024K)]
  0x000001e227b019a0 JavaThread "Unconstrained build operations Thread 50"        [_thread_blocked, id=9732, stack(0x0000007b07c00000,0x0000007b07d00000) (1024K)]
  0x000001e227b02030 JavaThread "Unconstrained build operations Thread 51"        [_thread_blocked, id=16564, stack(0x0000007b07d00000,0x0000007b07e00000) (1024K)]
  0x000001e227b026c0 JavaThread "Unconstrained build operations Thread 52"        [_thread_blocked, id=32756, stack(0x0000007b07e00000,0x0000007b07f00000) (1024K)]
  0x000001e227b00c80 JavaThread "Unconstrained build operations Thread 53"        [_thread_blocked, id=36472, stack(0x0000007b07f00000,0x0000007b08000000) (1024K)]
  0x000001e227b04790 JavaThread "Unconstrained build operations Thread 54"        [_thread_blocked, id=18740, stack(0x0000007b08000000,0x0000007b08100000) (1024K)]
  0x000001e227b054b0 JavaThread "Unconstrained build operations Thread 55"        [_thread_blocked, id=23652, stack(0x0000007b08100000,0x0000007b08200000) (1024K)]
  0x000001e227b061d0 JavaThread "Unconstrained build operations Thread 56"        [_thread_blocked, id=12396, stack(0x0000007b05c00000,0x0000007b05d00000) (1024K)]
  0x000001e227b05b40 JavaThread "Unconstrained build operations Thread 57"        [_thread_blocked, id=24640, stack(0x0000007b08200000,0x0000007b08300000) (1024K)]
  0x000001e227b04e20 JavaThread "Unconstrained build operations Thread 58"        [_thread_blocked, id=14732, stack(0x0000007b08300000,0x0000007b08400000) (1024K)]
  0x000001e227b02d50 JavaThread "Unconstrained build operations Thread 59"        [_thread_blocked, id=34112, stack(0x0000007b08400000,0x0000007b08500000) (1024K)]
  0x000001e227b06860 JavaThread "Unconstrained build operations Thread 60"        [_thread_blocked, id=28652, stack(0x0000007b08500000,0x0000007b08600000) (1024K)]
  0x000001e227b06ef0 JavaThread "Unconstrained build operations Thread 61"        [_thread_blocked, id=29080, stack(0x0000007b08600000,0x0000007b08700000) (1024K)]
  0x000001e227b07580 JavaThread "Unconstrained build operations Thread 62"        [_thread_blocked, id=18692, stack(0x0000007b08700000,0x0000007b08800000) (1024K)]
  0x000001e227b07c10 JavaThread "Unconstrained build operations Thread 63"        [_thread_blocked, id=27532, stack(0x0000007b08800000,0x0000007b08900000) (1024K)]
  0x000001e2234fb840 JavaThread "Unconstrained build operations Thread 64"        [_thread_blocked, id=20744, stack(0x0000007b08900000,0x0000007b08a00000) (1024K)]
  0x000001e2234fa490 JavaThread "Unconstrained build operations Thread 65"        [_thread_blocked, id=34016, stack(0x0000007b08a00000,0x0000007b08b00000) (1024K)]
  0x000001e2234f9e00 JavaThread "Unconstrained build operations Thread 66"        [_thread_blocked, id=2028, stack(0x0000007b08b00000,0x0000007b08c00000) (1024K)]
  0x000001e2234fab20 JavaThread "Unconstrained build operations Thread 67"        [_thread_blocked, id=27820, stack(0x0000007b08c00000,0x0000007b08d00000) (1024K)]
  0x000001e2234fb1b0 JavaThread "Unconstrained build operations Thread 68"        [_thread_blocked, id=14392, stack(0x0000007b08d00000,0x0000007b08e00000) (1024K)]
  0x000001e2234f8a50 JavaThread "Unconstrained build operations Thread 69"        [_thread_blocked, id=23680, stack(0x0000007b08e00000,0x0000007b08f00000) (1024K)]
  0x000001e2234f83c0 JavaThread "Unconstrained build operations Thread 70"        [_thread_blocked, id=15516, stack(0x0000007b09000000,0x0000007b09100000) (1024K)]
  0x000001e2234fbed0 JavaThread "Unconstrained build operations Thread 71"        [_thread_blocked, id=19164, stack(0x0000007b09100000,0x0000007b09200000) (1024K)]
  0x000001e2234fc560 JavaThread "Unconstrained build operations Thread 72"        [_thread_blocked, id=20704, stack(0x0000007b09200000,0x0000007b09300000) (1024K)]
  0x000001e2234fcbf0 JavaThread "Unconstrained build operations Thread 73"        [_thread_blocked, id=11144, stack(0x0000007b09300000,0x0000007b09400000) (1024K)]
  0x000001e2234f9770 JavaThread "Unconstrained build operations Thread 74"        [_thread_blocked, id=5348, stack(0x0000007b09400000,0x0000007b09500000) (1024K)]
  0x000001e2234ff9e0 JavaThread "Unconstrained build operations Thread 75"        [_thread_blocked, id=16700, stack(0x0000007b09500000,0x0000007b09600000) (1024K)]
  0x000001e2234fd280 JavaThread "Unconstrained build operations Thread 76"        [_thread_blocked, id=15548, stack(0x0000007b09600000,0x0000007b09700000) (1024K)]
  0x000001e2234fecc0 JavaThread "Unconstrained build operations Thread 77"        [_thread_blocked, id=36356, stack(0x0000007b09700000,0x0000007b09800000) (1024K)]
  0x000001e2234fe630 JavaThread "Unconstrained build operations Thread 78"        [_thread_blocked, id=17472, stack(0x0000007b09800000,0x0000007b09900000) (1024K)]
  0x000001e2234fd910 JavaThread "Unconstrained build operations Thread 79"        [_thread_blocked, id=7832, stack(0x0000007b09900000,0x0000007b09a00000) (1024K)]
  0x000001e2234fdfa0 JavaThread "Unconstrained build operations Thread 80"        [_thread_blocked, id=1736, stack(0x0000007b09a00000,0x0000007b09b00000) (1024K)]
  0x000001e226c34210 JavaThread "WorkerExecutor Queue"              [_thread_blocked, id=36836, stack(0x0000007b09b00000,0x0000007b09c00000) (1024K)]
  0x000001e226c31ab0 JavaThread "Unconstrained build operations Thread 81"        [_thread_blocked, id=12000, stack(0x0000007b08f00000,0x0000007b09000000) (1024K)]
  0x000001e2227a8940 JavaThread "Unconstrained build operations Thread 82"        [_thread_blocked, id=12144, stack(0x0000007b09c00000,0x0000007b09d00000) (1024K)]
  0x000001e2227a8fd0 JavaThread "Unconstrained build operations Thread 83"        [_thread_blocked, id=15688, stack(0x0000007b09d00000,0x0000007b09e00000) (1024K)]
  0x000001e224b60370 JavaThread "Unconstrained build operations Thread 84"        [_thread_blocked, id=14888, stack(0x0000007b09e00000,0x0000007b09f00000) (1024K)]
  0x000001e224b5d580 JavaThread "Unconstrained build operations Thread 85"        [_thread_blocked, id=22816, stack(0x0000007b09f00000,0x0000007b0a000000) (1024K)]
  0x000001e224b61090 JavaThread "Unconstrained build operations Thread 86"        [_thread_blocked, id=26004, stack(0x0000007b0a000000,0x0000007b0a100000) (1024K)]
  0x000001e224b5e930 JavaThread "Unconstrained build operations Thread 87"        [_thread_blocked, id=14052, stack(0x0000007b0a100000,0x0000007b0a200000) (1024K)]
  0x000001e224b60a00 JavaThread "Unconstrained build operations Thread 88"        [_thread_blocked, id=31784, stack(0x0000007b0a200000,0x0000007b0a300000) (1024K)]
  0x000001e224b5dc10 JavaThread "Unconstrained build operations Thread 89"        [_thread_blocked, id=3256, stack(0x0000007b0a300000,0x0000007b0a400000) (1024K)]
  0x000001e224b5e2a0 JavaThread "Unconstrained build operations Thread 90"        [_thread_blocked, id=33492, stack(0x0000007b0a400000,0x0000007b0a500000) (1024K)]
  0x000001e224b5efc0 JavaThread "Unconstrained build operations Thread 91"        [_thread_blocked, id=3604, stack(0x0000007b0a500000,0x0000007b0a600000) (1024K)]
  0x000001e224b62440 JavaThread "Unconstrained build operations Thread 92"        [_thread_blocked, id=22596, stack(0x0000007b0a600000,0x0000007b0a700000) (1024K)]
  0x000001e224b5f650 JavaThread "Unconstrained build operations Thread 93"        [_thread_blocked, id=34096, stack(0x0000007b0a700000,0x0000007b0a800000) (1024K)]
  0x000001e224b61720 JavaThread "Unconstrained build operations Thread 94"        [_thread_blocked, id=35340, stack(0x0000007b0a800000,0x0000007b0a900000) (1024K)]
  0x000001e224b63160 JavaThread "Unconstrained build operations Thread 95"        [_thread_blocked, id=8688, stack(0x0000007b0a900000,0x0000007b0aa00000) (1024K)]
  0x000001e224b61db0 JavaThread "Unconstrained build operations Thread 96"        [_thread_blocked, id=14528, stack(0x0000007b0aa00000,0x0000007b0ab00000) (1024K)]
  0x000001e224b5fce0 JavaThread "Unconstrained build operations Thread 97"        [_thread_blocked, id=24408, stack(0x0000007b0ab00000,0x0000007b0ac00000) (1024K)]
  0x000001e224b63e80 JavaThread "Unconstrained build operations Thread 98"        [_thread_blocked, id=22536, stack(0x0000007b0ac00000,0x0000007b0ad00000) (1024K)]
  0x000001e224b64510 JavaThread "Unconstrained build operations Thread 99"        [_thread_blocked, id=24988, stack(0x0000007b0ad00000,0x0000007b0ae00000) (1024K)]
  0x000001e224b64ba0 JavaThread "Unconstrained build operations Thread 100"        [_thread_blocked, id=35460, stack(0x0000007b0ae00000,0x0000007b0af00000) (1024K)]
  0x000001e224b62ad0 JavaThread "Unconstrained build operations Thread 101"        [_thread_blocked, id=25328, stack(0x0000007b0af00000,0x0000007b0b000000) (1024K)]
  0x000001e224b637f0 JavaThread "Unconstrained build operations Thread 102"        [_thread_blocked, id=29224, stack(0x0000007b0b000000,0x0000007b0b100000) (1024K)]
  0x000001e223e73270 JavaThread "Unconstrained build operations Thread 103"        [_thread_blocked, id=27372, stack(0x0000007b0b100000,0x0000007b0b200000) (1024K)]
  0x000001e223e711a0 JavaThread "Unconstrained build operations Thread 104"        [_thread_blocked, id=29100, stack(0x0000007b0b200000,0x0000007b0b300000) (1024K)]
  0x000001e223e70480 JavaThread "Unconstrained build operations Thread 105"        [_thread_blocked, id=21212, stack(0x0000007b0b300000,0x0000007b0b400000) (1024K)]
  0x000001e223e73f90 JavaThread "Unconstrained build operations Thread 106"        [_thread_blocked, id=9804, stack(0x0000007b0b400000,0x0000007b0b500000) (1024K)]
  0x000001e223e72be0 JavaThread "Unconstrained build operations Thread 107"        [_thread_blocked, id=19496, stack(0x0000007b0b500000,0x0000007b0b600000) (1024K)]
  0x000001e223e73900 JavaThread "Unconstrained build operations Thread 108"        [_thread_blocked, id=31272, stack(0x0000007b0b600000,0x0000007b0b700000) (1024K)]
  0x000001e223e70b10 JavaThread "Unconstrained build operations Thread 109"        [_thread_blocked, id=7684, stack(0x0000007b0b700000,0x0000007b0b800000) (1024K)]
  0x000001e223e72550 JavaThread "Unconstrained build operations Thread 110"        [_thread_blocked, id=34880, stack(0x0000007b0b800000,0x0000007b0b900000) (1024K)]
  0x000001e223e74620 JavaThread "Unconstrained build operations Thread 111"        [_thread_blocked, id=18016, stack(0x0000007b0b900000,0x0000007b0ba00000) (1024K)]
  0x000001e223e74cb0 JavaThread "Unconstrained build operations Thread 112"        [_thread_blocked, id=29192, stack(0x0000007b0ba00000,0x0000007b0bb00000) (1024K)]
  0x000001e223e71830 JavaThread "Unconstrained build operations Thread 113"        [_thread_blocked, id=19520, stack(0x0000007b0bb00000,0x0000007b0bc00000) (1024K)]
  0x000001e223e7f750 JavaThread "Unconstrained build operations Thread 114"        [_thread_blocked, id=23324, stack(0x0000007b0bc00000,0x0000007b0bd00000) (1024K)]
  0x000001e225f35340 JavaThread "Unconstrained build operations Thread 115"        [_thread_blocked, id=35520, stack(0x0000007b0bd00000,0x0000007b0be00000) (1024K)]
  0x000001e226e144d0 JavaThread "Unconstrained build operations Thread 116"        [_thread_blocked, id=22500, stack(0x0000007b0be00000,0x0000007b0bf00000) (1024K)]
  0x000001e226e12a90 JavaThread "Unconstrained build operations Thread 117"        [_thread_blocked, id=28280, stack(0x0000007b0bf00000,0x0000007b0c000000) (1024K)]
  0x000001e226e14b60 JavaThread "Unconstrained build operations Thread 118"        [_thread_blocked, id=31068, stack(0x0000007b0c000000,0x0000007b0c100000) (1024K)]
  0x000001e226e11d70 JavaThread "Unconstrained build operations Thread 119"        [_thread_blocked, id=5340, stack(0x0000007b0c100000,0x0000007b0c200000) (1024K)]
  0x000001e226e13e40 JavaThread "Unconstrained build operations Thread 120"        [_thread_blocked, id=27756, stack(0x0000007b0c200000,0x0000007b0c300000) (1024K)]
  0x000001e222afc5d0 JavaThread "C2 CompilerThread1"         daemon [_thread_blocked, id=19432, stack(0x0000007b03800000,0x0000007b03900000) (1024K)]
  0x000001e222afd370 JavaThread "C2 CompilerThread2"         daemon [_thread_blocked, id=2812, stack(0x0000007b0c300000,0x0000007b0c400000) (1024K)]
Total: 173

Other Threads:
=>0x000001e21bf230a0 VMThread "VM Thread"                           [id=11964, stack(0x0000007b00c00000,0x0000007b00d00000) (1024K)]
  0x000001e21bf09f00 WatcherThread "VM Periodic Task Thread"        [id=13912, stack(0x0000007b00b00000,0x0000007b00c00000) (1024K)]
  0x000001e204483e50 WorkerThread "GC Thread#0"                     [id=26520, stack(0x0000007b00600000,0x0000007b00700000) (1024K)]
  0x000001e21ca0b6d0 WorkerThread "GC Thread#1"                     [id=10784, stack(0x0000007b01900000,0x0000007b01a00000) (1024K)]
  0x000001e21cb75ea0 WorkerThread "GC Thread#2"                     [id=8880, stack(0x0000007b01a00000,0x0000007b01b00000) (1024K)]
  0x000001e21cb76240 WorkerThread "GC Thread#3"                     [id=13388, stack(0x0000007b01b00000,0x0000007b01c00000) (1024K)]
  0x000001e21caa7b30 WorkerThread "GC Thread#4"                     [id=29760, stack(0x0000007b01c00000,0x0000007b01d00000) (1024K)]
  0x000001e2221cb1b0 WorkerThread "GC Thread#5"                     [id=25592, stack(0x0000007b01700000,0x0000007b01800000) (1024K)]
  0x000001e2224a2ba0 WorkerThread "GC Thread#6"                     [id=11884, stack(0x0000007b02700000,0x0000007b02800000) (1024K)]
  0x000001e22249c5c0 WorkerThread "GC Thread#7"                     [id=33996, stack(0x0000007b02800000,0x0000007b02900000) (1024K)]
  0x000001e2223c0fe0 WorkerThread "GC Thread#8"                     [id=24844, stack(0x0000007b02900000,0x0000007b02a00000) (1024K)]
  0x000001e2223c1b10 WorkerThread "GC Thread#9"                     [id=6528, stack(0x0000007b02a00000,0x0000007b02b00000) (1024K)]
  0x000001e204495d50 ConcurrentGCThread "G1 Main Marker"            [id=15644, stack(0x0000007b00700000,0x0000007b00800000) (1024K)]
  0x000001e2044975a0 WorkerThread "G1 Conc#0"                       [id=13380, stack(0x0000007b00800000,0x0000007b00900000) (1024K)]
  0x000001e2223c2990 WorkerThread "G1 Conc#1"                       [id=31220, stack(0x0000007b02b00000,0x0000007b02c00000) (1024K)]
  0x000001e2223c2d30 WorkerThread "G1 Conc#2"                       [id=19836, stack(0x0000007b02c00000,0x0000007b02d00000) (1024K)]
  0x000001e21be60e20 ConcurrentGCThread "G1 Refine#0"               [id=20260, stack(0x0000007b00900000,0x0000007b00a00000) (1024K)]
  0x000001e21be62750 ConcurrentGCThread "G1 Service"                [id=12596, stack(0x0000007b00a00000,0x0000007b00b00000) (1024K)]
Total: 18

Threads with active compile tasks:
C2 CompilerThread0  60771 21933       4       jdk.internal.misc.Unsafe::putShortUnaligned (14 bytes)
C2 CompilerThread1  60771 21528 %     4       com.android.tools.r8.internal.AA::a @ 988 (3862 bytes)
C2 CompilerThread2  60771 21465       4       com.android.tools.r8.internal.A9::a (1719 bytes)
Total: 3

VM state: at safepoint (normal execution)

VM Mutex/Monitor currently owned by a thread:  ([mutex/lock_event])
[0x00007ffcd88ee3a0] Threads_lock - owner thread: 0x000001e21bf230a0
[0x00007ffcd88ee4a0] Heap_lock - owner thread: 0x000001e226e144d0

Heap address: 0x0000000080000000, size: 2048 MB, Compressed Oops mode: 32-bit

CDS archive(s) not mapped
Compressed class space mapped at: 0x0000000100000000-0x0000000140000000, reserved size: 1073741824
Narrow klass base: 0x0000000000000000, Narrow klass shift: 3, Narrow klass range: 0x140000000

GC Precious Log:
 CardTable entry size: 512
 Card Set container configuration: InlinePtr #cards 5 size 8 Array Of Cards #cards 12 size 40 Howl #buckets 4 coarsen threshold 1843 Howl Bitmap #cards 512 size 80 coarsen threshold 460 Card regions per heap region 1 cards per card region 2048
 CPUs: 12 total, 12 available
 Memory: 15708M
 Large Page Support: Disabled
 NUMA Support: Disabled
 Compressed Oops: Enabled (32-bit)
 Heap Region Size: 1M
 Heap Min Capacity: 8M
 Heap Initial Capacity: 246M
 Heap Max Capacity: 2G
 Pre-touch: Disabled
 Parallel Workers: 10
 Concurrent Workers: 3
 Concurrent Refinement Workers: 10
 Periodic GC: Disabled

Heap:
 garbage-first heap   total 557056K, used 318044K [0x0000000080000000, 0x0000000100000000)
  region size 1024K, 18 young (18432K), 18 survivors (18432K)
 Metaspace       used 141334K, committed 143552K, reserved 1179648K
  class space    used 19361K, committed 20480K, reserved 1048576K

Heap Regions: E=young(eden), S=young(survivor), O=old, HS=humongous(starts), HC=humongous(continues), CS=collection set, F=free, TAMS=top-at-mark-start, PB=parsable bottom
|   0|0x0000000080000000, 0x0000000080100000, 0x0000000080100000|100%| O|  |TAMS 0x0000000080100000| PB 0x0000000080000000| Untracked 
|   1|0x0000000080100000, 0x0000000080200000, 0x0000000080200000|100%|HS|  |TAMS 0x0000000080200000| PB 0x0000000080100000| Complete 
|   2|0x0000000080200000, 0x0000000080300000, 0x0000000080300000|100%|HC|  |TAMS 0x0000000080300000| PB 0x0000000080200000| Complete 
|   3|0x0000000080300000, 0x0000000080400000, 0x0000000080400000|100%|HC|  |TAMS 0x0000000080400000| PB 0x0000000080300000| Complete 
|   4|0x0000000080400000, 0x0000000080500000, 0x0000000080500000|100%| O|  |TAMS 0x0000000080500000| PB 0x0000000080400000| Untracked 
|   5|0x0000000080500000, 0x0000000080600000, 0x0000000080600000|100%| O|  |TAMS 0x0000000080600000| PB 0x0000000080500000| Untracked 
|   6|0x0000000080600000, 0x0000000080700000, 0x0000000080700000|100%| O|  |TAMS 0x0000000080700000| PB 0x0000000080600000| Untracked 
|   7|0x0000000080700000, 0x0000000080800000, 0x0000000080800000|100%|HS|  |TAMS 0x0000000080800000| PB 0x0000000080700000| Complete 
|   8|0x0000000080800000, 0x0000000080900000, 0x0000000080900000|100%| O|  |TAMS 0x0000000080900000| PB 0x0000000080800000| Untracked 
|   9|0x0000000080900000, 0x0000000080a00000, 0x0000000080a00000|100%| O|  |TAMS 0x0000000080a00000| PB 0x0000000080900000| Untracked 
|  10|0x0000000080a00000, 0x0000000080b00000, 0x0000000080b00000|100%| O|  |TAMS 0x0000000080b00000| PB 0x0000000080a00000| Untracked 
|  11|0x0000000080b00000, 0x0000000080c00000, 0x0000000080c00000|100%| O|  |TAMS 0x0000000080c00000| PB 0x0000000080b00000| Untracked 
|  12|0x0000000080c00000, 0x0000000080d00000, 0x0000000080d00000|100%| O|  |TAMS 0x0000000080d00000| PB 0x0000000080c00000| Untracked 
|  13|0x0000000080d00000, 0x0000000080e00000, 0x0000000080e00000|100%| O|  |TAMS 0x0000000080e00000| PB 0x0000000080d00000| Untracked 
|  14|0x0000000080e00000, 0x0000000080f00000, 0x0000000080f00000|100%| O|  |TAMS 0x0000000080f00000| PB 0x0000000080e00000| Untracked 
|  15|0x0000000080f00000, 0x0000000081000000, 0x0000000081000000|100%| O|  |TAMS 0x0000000081000000| PB 0x0000000080f00000| Untracked 
|  16|0x0000000081000000, 0x0000000081100000, 0x0000000081100000|100%| O|  |TAMS 0x0000000081100000| PB 0x0000000081000000| Untracked 
|  17|0x0000000081100000, 0x0000000081200000, 0x0000000081200000|100%| O|  |TAMS 0x0000000081200000| PB 0x0000000081100000| Untracked 
|  18|0x0000000081200000, 0x0000000081300000, 0x0000000081300000|100%| O|  |TAMS 0x0000000081300000| PB 0x0000000081200000| Untracked 
|  19|0x0000000081300000, 0x0000000081400000, 0x0000000081400000|100%| O|  |TAMS 0x0000000081400000| PB 0x0000000081300000| Untracked 
|  20|0x0000000081400000, 0x0000000081500000, 0x0000000081500000|100%| O|  |TAMS 0x0000000081500000| PB 0x0000000081400000| Untracked 
|  21|0x0000000081500000, 0x0000000081600000, 0x0000000081600000|100%| O|  |TAMS 0x0000000081600000| PB 0x0000000081500000| Untracked 
|  22|0x0000000081600000, 0x0000000081700000, 0x0000000081700000|100%| O|  |TAMS 0x0000000081700000| PB 0x0000000081600000| Untracked 
|  23|0x0000000081700000, 0x0000000081800000, 0x0000000081800000|100%| O|  |TAMS 0x0000000081800000| PB 0x0000000081700000| Untracked 
|  24|0x0000000081800000, 0x0000000081900000, 0x0000000081900000|100%| O|  |TAMS 0x0000000081900000| PB 0x0000000081800000| Untracked 
|  25|0x0000000081900000, 0x0000000081a00000, 0x0000000081a00000|100%| O|  |TAMS 0x0000000081a00000| PB 0x0000000081900000| Untracked 
|  26|0x0000000081a00000, 0x0000000081b00000, 0x0000000081b00000|100%| O|  |TAMS 0x0000000081b00000| PB 0x0000000081a00000| Untracked 
|  27|0x0000000081b00000, 0x0000000081c00000, 0x0000000081c00000|100%| O|  |TAMS 0x0000000081c00000| PB 0x0000000081b00000| Untracked 
|  28|0x0000000081c00000, 0x0000000081d00000, 0x0000000081d00000|100%| O|  |TAMS 0x0000000081d00000| PB 0x0000000081c00000| Untracked 
|  29|0x0000000081d00000, 0x0000000081e00000, 0x0000000081e00000|100%| O|  |TAMS 0x0000000081e00000| PB 0x0000000081d00000| Untracked 
|  30|0x0000000081e00000, 0x0000000081f00000, 0x0000000081f00000|100%| O|  |TAMS 0x0000000081f00000| PB 0x0000000081e00000| Untracked 
|  31|0x0000000081f00000, 0x0000000082000000, 0x0000000082000000|100%| O|  |TAMS 0x0000000082000000| PB 0x0000000081f00000| Untracked 
|  32|0x0000000082000000, 0x0000000082100000, 0x0000000082100000|100%| O|  |TAMS 0x0000000082100000| PB 0x0000000082000000| Untracked 
|  33|0x0000000082100000, 0x0000000082200000, 0x0000000082200000|100%| O|  |TAMS 0x0000000082200000| PB 0x0000000082100000| Untracked 
|  34|0x0000000082200000, 0x0000000082300000, 0x0000000082300000|100%| O|  |TAMS 0x0000000082300000| PB 0x0000000082200000| Untracked 
|  35|0x0000000082300000, 0x0000000082400000, 0x0000000082400000|100%| O|  |TAMS 0x0000000082400000| PB 0x0000000082300000| Untracked 
|  36|0x0000000082400000, 0x0000000082500000, 0x0000000082500000|100%| O|  |TAMS 0x0000000082500000| PB 0x0000000082400000| Untracked 
|  37|0x0000000082500000, 0x0000000082600000, 0x0000000082600000|100%| O|  |TAMS 0x0000000082600000| PB 0x0000000082500000| Untracked 
|  38|0x0000000082600000, 0x0000000082700000, 0x0000000082700000|100%| O|  |TAMS 0x0000000082700000| PB 0x0000000082600000| Untracked 
|  39|0x0000000082700000, 0x0000000082800000, 0x0000000082800000|100%| O|  |TAMS 0x0000000082800000| PB 0x0000000082700000| Untracked 
|  40|0x0000000082800000, 0x0000000082900000, 0x0000000082900000|100%| O|  |TAMS 0x0000000082900000| PB 0x0000000082800000| Untracked 
|  41|0x0000000082900000, 0x0000000082a00000, 0x0000000082a00000|100%| O|  |TAMS 0x0000000082a00000| PB 0x0000000082900000| Untracked 
|  42|0x0000000082a00000, 0x0000000082b00000, 0x0000000082b00000|100%| O|  |TAMS 0x0000000082b00000| PB 0x0000000082a00000| Untracked 
|  43|0x0000000082b00000, 0x0000000082c00000, 0x0000000082c00000|100%| O|  |TAMS 0x0000000082c00000| PB 0x0000000082b00000| Untracked 
|  44|0x0000000082c00000, 0x0000000082d00000, 0x0000000082d00000|100%| O|  |TAMS 0x0000000082d00000| PB 0x0000000082c00000| Untracked 
|  45|0x0000000082d00000, 0x0000000082e00000, 0x0000000082e00000|100%| O|  |TAMS 0x0000000082e00000| PB 0x0000000082d00000| Untracked 
|  46|0x0000000082e00000, 0x0000000082f00000, 0x0000000082f00000|100%| O|  |TAMS 0x0000000082f00000| PB 0x0000000082e00000| Untracked 
|  47|0x0000000082f00000, 0x0000000083000000, 0x0000000083000000|100%| O|  |TAMS 0x0000000083000000| PB 0x0000000082f00000| Untracked 
|  48|0x0000000083000000, 0x0000000083100000, 0x0000000083100000|100%| O|  |TAMS 0x0000000083100000| PB 0x0000000083000000| Untracked 
|  49|0x0000000083100000, 0x0000000083200000, 0x0000000083200000|100%|HS|  |TAMS 0x0000000083200000| PB 0x0000000083100000| Complete 
|  50|0x0000000083200000, 0x0000000083300000, 0x0000000083300000|100%|HS|  |TAMS 0x0000000083300000| PB 0x0000000083200000| Complete 
|  51|0x0000000083300000, 0x0000000083400000, 0x0000000083400000|100%|HS|  |TAMS 0x0000000083400000| PB 0x0000000083300000| Complete 
|  52|0x0000000083400000, 0x0000000083500000, 0x0000000083500000|100%|HC|  |TAMS 0x0000000083500000| PB 0x0000000083400000| Complete 
|  53|0x0000000083500000, 0x0000000083600000, 0x0000000083600000|100%|HS|  |TAMS 0x0000000083600000| PB 0x0000000083500000| Complete 
|  54|0x0000000083600000, 0x0000000083700000, 0x0000000083700000|100%|HC|  |TAMS 0x0000000083700000| PB 0x0000000083600000| Complete 
|  55|0x0000000083700000, 0x0000000083800000, 0x0000000083800000|100%|HS|  |TAMS 0x0000000083800000| PB 0x0000000083700000| Complete 
|  56|0x0000000083800000, 0x0000000083900000, 0x0000000083900000|100%|HS|  |TAMS 0x0000000083900000| PB 0x0000000083800000| Complete 
|  57|0x0000000083900000, 0x0000000083a00000, 0x0000000083a00000|100%|HC|  |TAMS 0x0000000083a00000| PB 0x0000000083900000| Complete 
|  58|0x0000000083a00000, 0x0000000083b00000, 0x0000000083b00000|100%|HC|  |TAMS 0x0000000083b00000| PB 0x0000000083a00000| Complete 
|  59|0x0000000083b00000, 0x0000000083c00000, 0x0000000083c00000|100%|HS|  |TAMS 0x0000000083c00000| PB 0x0000000083b00000| Complete 
|  60|0x0000000083c00000, 0x0000000083d00000, 0x0000000083d00000|100%| O|  |TAMS 0x0000000083d00000| PB 0x0000000083c00000| Untracked 
|  61|0x0000000083d00000, 0x0000000083e00000, 0x0000000083e00000|100%|HS|  |TAMS 0x0000000083e00000| PB 0x0000000083d00000| Complete 
|  62|0x0000000083e00000, 0x0000000083f00000, 0x0000000083f00000|100%|HS|  |TAMS 0x0000000083f00000| PB 0x0000000083e00000| Complete 
|  63|0x0000000083f00000, 0x0000000084000000, 0x0000000084000000|100%| O|  |TAMS 0x0000000084000000| PB 0x0000000083f00000| Untracked 
|  64|0x0000000084000000, 0x0000000084100000, 0x0000000084100000|100%| O|  |TAMS 0x0000000084100000| PB 0x0000000084000000| Untracked 
|  65|0x0000000084100000, 0x0000000084200000, 0x0000000084200000|100%|HS|  |TAMS 0x0000000084200000| PB 0x0000000084100000| Complete 
|  66|0x0000000084200000, 0x0000000084300000, 0x0000000084300000|100%| O|  |TAMS 0x0000000084300000| PB 0x0000000084200000| Untracked 
|  67|0x0000000084300000, 0x0000000084400000, 0x0000000084400000|100%| O|  |TAMS 0x0000000084400000| PB 0x0000000084300000| Untracked 
|  68|0x0000000084400000, 0x0000000084500000, 0x0000000084500000|100%| O|  |TAMS 0x0000000084500000| PB 0x0000000084400000| Untracked 
|  69|0x0000000084500000, 0x0000000084600000, 0x0000000084600000|100%| O|  |TAMS 0x0000000084600000| PB 0x0000000084500000| Untracked 
|  70|0x0000000084600000, 0x0000000084700000, 0x0000000084700000|100%| O|  |TAMS 0x0000000084700000| PB 0x0000000084600000| Untracked 
|  71|0x0000000084700000, 0x0000000084800000, 0x0000000084800000|100%| O|  |TAMS 0x0000000084800000| PB 0x0000000084700000| Untracked 
|  72|0x0000000084800000, 0x0000000084900000, 0x0000000084900000|100%| O|  |TAMS 0x0000000084900000| PB 0x0000000084800000| Untracked 
|  73|0x0000000084900000, 0x0000000084a00000, 0x0000000084a00000|100%| O|  |TAMS 0x0000000084a00000| PB 0x0000000084900000| Untracked 
|  74|0x0000000084a00000, 0x0000000084b00000, 0x0000000084b00000|100%| O|  |TAMS 0x0000000084b00000| PB 0x0000000084a00000| Untracked 
|  75|0x0000000084b00000, 0x0000000084c00000, 0x0000000084c00000|100%| O|  |TAMS 0x0000000084c00000| PB 0x0000000084b00000| Untracked 
|  76|0x0000000084c00000, 0x0000000084d00000, 0x0000000084d00000|100%| O|  |TAMS 0x0000000084d00000| PB 0x0000000084c00000| Untracked 
|  77|0x0000000084d00000, 0x0000000084e00000, 0x0000000084e00000|100%| O|  |TAMS 0x0000000084e00000| PB 0x0000000084d00000| Untracked 
|  78|0x0000000084e00000, 0x0000000084f00000, 0x0000000084f00000|100%|HS|  |TAMS 0x0000000084f00000| PB 0x0000000084e00000| Complete 
|  79|0x0000000084f00000, 0x0000000085000000, 0x0000000085000000|100%|HC|  |TAMS 0x0000000085000000| PB 0x0000000084f00000| Complete 
|  80|0x0000000085000000, 0x0000000085100000, 0x0000000085100000|100%|HC|  |TAMS 0x0000000085100000| PB 0x0000000085000000| Complete 
|  81|0x0000000085100000, 0x0000000085200000, 0x0000000085200000|100%| O|  |TAMS 0x0000000085200000| PB 0x0000000085100000| Untracked 
|  82|0x0000000085200000, 0x0000000085300000, 0x0000000085300000|100%| O|  |TAMS 0x0000000085300000| PB 0x0000000085200000| Untracked 
|  83|0x0000000085300000, 0x0000000085400000, 0x0000000085400000|100%| O|  |TAMS 0x0000000085400000| PB 0x0000000085300000| Untracked 
|  84|0x0000000085400000, 0x0000000085500000, 0x0000000085500000|100%| O|  |TAMS 0x0000000085500000| PB 0x0000000085400000| Untracked 
|  85|0x0000000085500000, 0x0000000085600000, 0x0000000085600000|100%| O|  |TAMS 0x0000000085600000| PB 0x0000000085500000| Untracked 
|  86|0x0000000085600000, 0x0000000085700000, 0x0000000085700000|100%| O|  |TAMS 0x0000000085700000| PB 0x0000000085600000| Untracked 
|  87|0x0000000085700000, 0x0000000085800000, 0x0000000085800000|100%| O|  |TAMS 0x0000000085800000| PB 0x0000000085700000| Untracked 
|  88|0x0000000085800000, 0x0000000085900000, 0x0000000085900000|100%| O|  |TAMS 0x0000000085900000| PB 0x0000000085800000| Untracked 
|  89|0x0000000085900000, 0x0000000085a00000, 0x0000000085a00000|100%| O|  |TAMS 0x0000000085a00000| PB 0x0000000085900000| Untracked 
|  90|0x0000000085a00000, 0x0000000085b00000, 0x0000000085b00000|100%| O|  |TAMS 0x0000000085b00000| PB 0x0000000085a00000| Untracked 
|  91|0x0000000085b00000, 0x0000000085c00000, 0x0000000085c00000|100%| O|  |TAMS 0x0000000085c00000| PB 0x0000000085b00000| Untracked 
|  92|0x0000000085c00000, 0x0000000085d00000, 0x0000000085d00000|100%| O|  |TAMS 0x0000000085d00000| PB 0x0000000085c00000| Untracked 
|  93|0x0000000085d00000, 0x0000000085e00000, 0x0000000085e00000|100%| O|  |TAMS 0x0000000085e00000| PB 0x0000000085d00000| Untracked 
|  94|0x0000000085e00000, 0x0000000085f00000, 0x0000000085f00000|100%| O|  |TAMS 0x0000000085f00000| PB 0x0000000085e00000| Untracked 
|  95|0x0000000085f00000, 0x0000000086000000, 0x0000000086000000|100%| O|  |TAMS 0x0000000086000000| PB 0x0000000085f00000| Untracked 
|  96|0x0000000086000000, 0x0000000086100000, 0x0000000086100000|100%| O|  |TAMS 0x0000000086100000| PB 0x0000000086000000| Untracked 
|  97|0x0000000086100000, 0x0000000086200000, 0x0000000086200000|100%| O|  |TAMS 0x0000000086200000| PB 0x0000000086100000| Untracked 
|  98|0x0000000086200000, 0x0000000086300000, 0x0000000086300000|100%| O|  |TAMS 0x0000000086300000| PB 0x0000000086200000| Untracked 
|  99|0x0000000086300000, 0x0000000086400000, 0x0000000086400000|100%| O|  |TAMS 0x0000000086400000| PB 0x0000000086300000| Untracked 
| 100|0x0000000086400000, 0x0000000086500000, 0x0000000086500000|100%| O|  |TAMS 0x0000000086500000| PB 0x0000000086400000| Untracked 
| 101|0x0000000086500000, 0x0000000086600000, 0x0000000086600000|100%| O|  |TAMS 0x0000000086600000| PB 0x0000000086500000| Untracked 
| 102|0x0000000086600000, 0x0000000086700000, 0x0000000086700000|100%| O|  |TAMS 0x0000000086700000| PB 0x0000000086600000| Untracked 
| 103|0x0000000086700000, 0x0000000086800000, 0x0000000086800000|100%| O|  |TAMS 0x0000000086800000| PB 0x0000000086700000| Untracked 
| 104|0x0000000086800000, 0x0000000086900000, 0x0000000086900000|100%| O|  |TAMS 0x0000000086900000| PB 0x0000000086800000| Untracked 
| 105|0x0000000086900000, 0x0000000086a00000, 0x0000000086a00000|100%| O|  |TAMS 0x0000000086a00000| PB 0x0000000086900000| Untracked 
| 106|0x0000000086a00000, 0x0000000086b00000, 0x0000000086b00000|100%| O|  |TAMS 0x0000000086b00000| PB 0x0000000086a00000| Untracked 
| 107|0x0000000086b00000, 0x0000000086c00000, 0x0000000086c00000|100%| O|  |TAMS 0x0000000086c00000| PB 0x0000000086b00000| Untracked 
| 108|0x0000000086c00000, 0x0000000086d00000, 0x0000000086d00000|100%| O|  |TAMS 0x0000000086d00000| PB 0x0000000086c00000| Untracked 
| 109|0x0000000086d00000, 0x0000000086e00000, 0x0000000086e00000|100%| O|  |TAMS 0x0000000086e00000| PB 0x0000000086d00000| Untracked 
| 110|0x0000000086e00000, 0x0000000086f00000, 0x0000000086f00000|100%| O|  |TAMS 0x0000000086f00000| PB 0x0000000086e00000| Untracked 
| 111|0x0000000086f00000, 0x0000000087000000, 0x0000000087000000|100%| O|  |TAMS 0x0000000087000000| PB 0x0000000086f00000| Untracked 
| 112|0x0000000087000000, 0x0000000087100000, 0x0000000087100000|100%| O|  |TAMS 0x0000000087100000| PB 0x0000000087000000| Untracked 
| 113|0x0000000087100000, 0x0000000087200000, 0x0000000087200000|100%| O|  |TAMS 0x0000000087200000| PB 0x0000000087100000| Untracked 
| 114|0x0000000087200000, 0x0000000087300000, 0x0000000087300000|100%| O|  |TAMS 0x0000000087300000| PB 0x0000000087200000| Untracked 
| 115|0x0000000087300000, 0x0000000087400000, 0x0000000087400000|100%| O|  |TAMS 0x0000000087400000| PB 0x0000000087300000| Untracked 
| 116|0x0000000087400000, 0x0000000087500000, 0x0000000087500000|100%| O|  |TAMS 0x0000000087500000| PB 0x0000000087400000| Untracked 
| 117|0x0000000087500000, 0x0000000087600000, 0x0000000087600000|100%| O|  |TAMS 0x0000000087600000| PB 0x0000000087500000| Untracked 
| 118|0x0000000087600000, 0x0000000087700000, 0x0000000087700000|100%| O|  |TAMS 0x0000000087700000| PB 0x0000000087600000| Untracked 
| 119|0x0000000087700000, 0x0000000087800000, 0x0000000087800000|100%| O|  |TAMS 0x0000000087800000| PB 0x0000000087700000| Untracked 
| 120|0x0000000087800000, 0x0000000087900000, 0x0000000087900000|100%| O|  |TAMS 0x0000000087900000| PB 0x0000000087800000| Untracked 
| 121|0x0000000087900000, 0x0000000087a00000, 0x0000000087a00000|100%| O|  |TAMS 0x0000000087a00000| PB 0x0000000087900000| Untracked 
| 122|0x0000000087a00000, 0x0000000087b00000, 0x0000000087b00000|100%| O|  |TAMS 0x0000000087b00000| PB 0x0000000087a00000| Untracked 
| 123|0x0000000087b00000, 0x0000000087c00000, 0x0000000087c00000|100%| O|  |TAMS 0x0000000087c00000| PB 0x0000000087b00000| Untracked 
| 124|0x0000000087c00000, 0x0000000087d00000, 0x0000000087d00000|100%| O|  |TAMS 0x0000000087d00000| PB 0x0000000087c00000| Untracked 
| 125|0x0000000087d00000, 0x0000000087e00000, 0x0000000087e00000|100%| O|  |TAMS 0x0000000087e00000| PB 0x0000000087d00000| Untracked 
| 126|0x0000000087e00000, 0x0000000087f00000, 0x0000000087f00000|100%| O|  |TAMS 0x0000000087f00000| PB 0x0000000087e00000| Untracked 
| 127|0x0000000087f00000, 0x0000000088000000, 0x0000000088000000|100%| O|  |TAMS 0x0000000087f00000| PB 0x0000000087f00000| Untracked 
| 128|0x0000000088000000, 0x0000000088100000, 0x0000000088100000|100%| O|  |TAMS 0x0000000088100000| PB 0x0000000088000000| Untracked 
| 129|0x0000000088100000, 0x0000000088200000, 0x0000000088200000|100%| O|  |TAMS 0x0000000088200000| PB 0x0000000088100000| Untracked 
| 130|0x0000000088200000, 0x0000000088300000, 0x0000000088300000|100%| O|  |TAMS 0x0000000088300000| PB 0x0000000088200000| Untracked 
| 131|0x0000000088300000, 0x0000000088400000, 0x0000000088400000|100%| O|  |TAMS 0x0000000088400000| PB 0x0000000088300000| Untracked 
| 132|0x0000000088400000, 0x0000000088500000, 0x0000000088500000|100%| O|  |TAMS 0x0000000088500000| PB 0x0000000088400000| Untracked 
| 133|0x0000000088500000, 0x0000000088600000, 0x0000000088600000|100%| O|  |TAMS 0x0000000088600000| PB 0x0000000088500000| Untracked 
| 134|0x0000000088600000, 0x0000000088700000, 0x0000000088700000|100%| O|  |TAMS 0x0000000088700000| PB 0x0000000088600000| Untracked 
| 135|0x0000000088700000, 0x0000000088800000, 0x0000000088800000|100%| O|  |TAMS 0x0000000088800000| PB 0x0000000088700000| Untracked 
| 136|0x0000000088800000, 0x0000000088900000, 0x0000000088900000|100%| O|  |TAMS 0x0000000088900000| PB 0x0000000088800000| Untracked 
| 137|0x0000000088900000, 0x0000000088a00000, 0x0000000088a00000|100%| O|  |TAMS 0x0000000088a00000| PB 0x0000000088900000| Untracked 
| 138|0x0000000088a00000, 0x0000000088b00000, 0x0000000088b00000|100%| O|  |TAMS 0x0000000088b00000| PB 0x0000000088a00000| Untracked 
| 139|0x0000000088b00000, 0x0000000088c00000, 0x0000000088c00000|100%| O|  |TAMS 0x0000000088c00000| PB 0x0000000088b00000| Untracked 
| 140|0x0000000088c00000, 0x0000000088d00000, 0x0000000088d00000|100%| O|  |TAMS 0x0000000088d00000| PB 0x0000000088c00000| Untracked 
| 141|0x0000000088d00000, 0x0000000088e00000, 0x0000000088e00000|100%| O|  |TAMS 0x0000000088e00000| PB 0x0000000088d00000| Untracked 
| 142|0x0000000088e00000, 0x0000000088f00000, 0x0000000088f00000|100%| O|  |TAMS 0x0000000088f00000| PB 0x0000000088e00000| Untracked 
| 143|0x0000000088f00000, 0x0000000089000000, 0x0000000089000000|100%| O|  |TAMS 0x0000000089000000| PB 0x0000000088f00000| Untracked 
| 144|0x0000000089000000, 0x0000000089100000, 0x0000000089100000|100%| O|  |TAMS 0x0000000089100000| PB 0x0000000089000000| Untracked 
| 145|0x0000000089100000, 0x0000000089200000, 0x0000000089200000|100%| O|  |TAMS 0x0000000089200000| PB 0x0000000089100000| Untracked 
| 146|0x0000000089200000, 0x0000000089300000, 0x0000000089300000|100%| O|  |TAMS 0x0000000089300000| PB 0x0000000089200000| Untracked 
| 147|0x0000000089300000, 0x0000000089400000, 0x0000000089400000|100%| O|  |TAMS 0x0000000089400000| PB 0x0000000089300000| Untracked 
| 148|0x0000000089400000, 0x0000000089500000, 0x0000000089500000|100%| O|  |TAMS 0x0000000089500000| PB 0x0000000089400000| Untracked 
| 149|0x0000000089500000, 0x0000000089600000, 0x0000000089600000|100%| O|  |TAMS 0x0000000089600000| PB 0x0000000089500000| Untracked 
| 150|0x0000000089600000, 0x0000000089700000, 0x0000000089700000|100%| O|  |TAMS 0x0000000089700000| PB 0x0000000089600000| Untracked 
| 151|0x0000000089700000, 0x0000000089800000, 0x0000000089800000|100%| O|  |TAMS 0x0000000089800000| PB 0x0000000089700000| Untracked 
| 152|0x0000000089800000, 0x0000000089900000, 0x0000000089900000|100%| O|  |TAMS 0x0000000089900000| PB 0x0000000089800000| Untracked 
| 153|0x0000000089900000, 0x0000000089a00000, 0x0000000089a00000|100%| O|  |TAMS 0x0000000089a00000| PB 0x0000000089900000| Untracked 
| 154|0x0000000089a00000, 0x0000000089b00000, 0x0000000089b00000|100%| O|  |TAMS 0x0000000089b00000| PB 0x0000000089a00000| Untracked 
| 155|0x0000000089b00000, 0x0000000089c00000, 0x0000000089c00000|100%| O|  |TAMS 0x0000000089c00000| PB 0x0000000089b00000| Untracked 
| 156|0x0000000089c00000, 0x0000000089d00000, 0x0000000089d00000|100%| O|  |TAMS 0x0000000089d00000| PB 0x0000000089c00000| Untracked 
| 157|0x0000000089d00000, 0x0000000089e00000, 0x0000000089e00000|100%| O|  |TAMS 0x0000000089e00000| PB 0x0000000089d00000| Untracked 
| 158|0x0000000089e00000, 0x0000000089f00000, 0x0000000089f00000|100%| O|  |TAMS 0x0000000089f00000| PB 0x0000000089e00000| Untracked 
| 159|0x0000000089f00000, 0x000000008a000000, 0x000000008a000000|100%| O|  |TAMS 0x000000008a000000| PB 0x0000000089f00000| Untracked 
| 160|0x000000008a000000, 0x000000008a100000, 0x000000008a100000|100%| O|  |TAMS 0x000000008a100000| PB 0x000000008a000000| Untracked 
| 161|0x000000008a100000, 0x000000008a200000, 0x000000008a200000|100%| O|  |TAMS 0x000000008a200000| PB 0x000000008a100000| Untracked 
| 162|0x000000008a200000, 0x000000008a300000, 0x000000008a300000|100%| O|  |TAMS 0x000000008a300000| PB 0x000000008a200000| Untracked 
| 163|0x000000008a300000, 0x000000008a400000, 0x000000008a400000|100%| O|  |TAMS 0x000000008a300000| PB 0x000000008a300000| Untracked 
| 164|0x000000008a400000, 0x000000008a500000, 0x000000008a500000|100%| O|  |TAMS 0x000000008a500000| PB 0x000000008a400000| Untracked 
| 165|0x000000008a500000, 0x000000008a600000, 0x000000008a600000|100%| O|  |TAMS 0x000000008a600000| PB 0x000000008a500000| Untracked 
| 166|0x000000008a600000, 0x000000008a700000, 0x000000008a700000|100%| O|  |TAMS 0x000000008a700000| PB 0x000000008a600000| Untracked 
| 167|0x000000008a700000, 0x000000008a800000, 0x000000008a800000|100%| O|  |TAMS 0x000000008a800000| PB 0x000000008a700000| Untracked 
| 168|0x000000008a800000, 0x000000008a900000, 0x000000008a900000|100%| O|  |TAMS 0x000000008a800000| PB 0x000000008a800000| Untracked 
| 169|0x000000008a900000, 0x000000008aa00000, 0x000000008aa00000|100%| O|  |TAMS 0x000000008a900000| PB 0x000000008a900000| Untracked 
| 170|0x000000008aa00000, 0x000000008ab00000, 0x000000008ab00000|100%| O|  |TAMS 0x000000008ab00000| PB 0x000000008aa00000| Untracked 
| 171|0x000000008ab00000, 0x000000008ac00000, 0x000000008ac00000|100%| O|  |TAMS 0x000000008ac00000| PB 0x000000008ab00000| Untracked 
| 172|0x000000008ac00000, 0x000000008ad00000, 0x000000008ad00000|100%| O|  |TAMS 0x000000008ad00000| PB 0x000000008ac00000| Untracked 
| 173|0x000000008ad00000, 0x000000008ae00000, 0x000000008ae00000|100%| O|  |TAMS 0x000000008ad00000| PB 0x000000008ad00000| Untracked 
| 174|0x000000008ae00000, 0x000000008af00000, 0x000000008af00000|100%| O|  |TAMS 0x000000008af00000| PB 0x000000008ae00000| Untracked 
| 175|0x000000008af00000, 0x000000008b000000, 0x000000008b000000|100%| O|  |TAMS 0x000000008b000000| PB 0x000000008af00000| Untracked 
| 176|0x000000008b000000, 0x000000008b100000, 0x000000008b100000|100%| O|  |TAMS 0x000000008b100000| PB 0x000000008b000000| Untracked 
| 177|0x000000008b100000, 0x000000008b200000, 0x000000008b200000|100%| O|  |TAMS 0x000000008b200000| PB 0x000000008b100000| Untracked 
| 178|0x000000008b200000, 0x000000008b300000, 0x000000008b300000|100%| O|  |TAMS 0x000000008b300000| PB 0x000000008b200000| Untracked 
| 179|0x000000008b300000, 0x000000008b400000, 0x000000008b400000|100%| O|  |TAMS 0x000000008b400000| PB 0x000000008b300000| Untracked 
| 180|0x000000008b400000, 0x000000008b500000, 0x000000008b500000|100%| O|  |TAMS 0x000000008b500000| PB 0x000000008b400000| Untracked 
| 181|0x000000008b500000, 0x000000008b600000, 0x000000008b600000|100%| O|  |TAMS 0x000000008b600000| PB 0x000000008b500000| Untracked 
| 182|0x000000008b600000, 0x000000008b700000, 0x000000008b700000|100%| O|  |TAMS 0x000000008b700000| PB 0x000000008b600000| Untracked 
| 183|0x000000008b700000, 0x000000008b800000, 0x000000008b800000|100%| O|  |TAMS 0x000000008b800000| PB 0x000000008b700000| Untracked 
| 184|0x000000008b800000, 0x000000008b900000, 0x000000008b900000|100%| O|  |TAMS 0x000000008b900000| PB 0x000000008b800000| Untracked 
| 185|0x000000008b900000, 0x000000008ba00000, 0x000000008ba00000|100%| O|  |TAMS 0x000000008ba00000| PB 0x000000008b900000| Untracked 
| 186|0x000000008ba00000, 0x000000008bb00000, 0x000000008bb00000|100%| O|  |TAMS 0x000000008bb00000| PB 0x000000008ba00000| Untracked 
| 187|0x000000008bb00000, 0x000000008bc00000, 0x000000008bc00000|100%| O|  |TAMS 0x000000008bc00000| PB 0x000000008bb00000| Untracked 
| 188|0x000000008bc00000, 0x000000008bd00000, 0x000000008bd00000|100%| O|  |TAMS 0x000000008bd00000| PB 0x000000008bc00000| Untracked 
| 189|0x000000008bd00000, 0x000000008be00000, 0x000000008be00000|100%| O|  |TAMS 0x000000008be00000| PB 0x000000008bd00000| Untracked 
| 190|0x000000008be00000, 0x000000008bf00000, 0x000000008bf00000|100%| O|  |TAMS 0x000000008bf00000| PB 0x000000008be00000| Untracked 
| 191|0x000000008bf00000, 0x000000008c000000, 0x000000008c000000|100%| O|  |TAMS 0x000000008c000000| PB 0x000000008bf00000| Untracked 
| 192|0x000000008c000000, 0x000000008c100000, 0x000000008c100000|100%| O|  |TAMS 0x000000008c100000| PB 0x000000008c000000| Untracked 
| 193|0x000000008c100000, 0x000000008c200000, 0x000000008c200000|100%| O|  |TAMS 0x000000008c200000| PB 0x000000008c100000| Untracked 
| 194|0x000000008c200000, 0x000000008c300000, 0x000000008c300000|100%| O|  |TAMS 0x000000008c300000| PB 0x000000008c200000| Untracked 
| 195|0x000000008c300000, 0x000000008c400000, 0x000000008c400000|100%| O|  |TAMS 0x000000008c400000| PB 0x000000008c300000| Untracked 
| 196|0x000000008c400000, 0x000000008c500000, 0x000000008c500000|100%| O|  |TAMS 0x000000008c500000| PB 0x000000008c400000| Untracked 
| 197|0x000000008c500000, 0x000000008c600000, 0x000000008c600000|100%| O|  |TAMS 0x000000008c600000| PB 0x000000008c500000| Untracked 
| 198|0x000000008c600000, 0x000000008c700000, 0x000000008c700000|100%| O|  |TAMS 0x000000008c700000| PB 0x000000008c600000| Untracked 
| 199|0x000000008c700000, 0x000000008c800000, 0x000000008c800000|100%| O|  |TAMS 0x000000008c800000| PB 0x000000008c700000| Untracked 
| 200|0x000000008c800000, 0x000000008c900000, 0x000000008c900000|100%| O|  |TAMS 0x000000008c900000| PB 0x000000008c800000| Untracked 
| 201|0x000000008c900000, 0x000000008ca00000, 0x000000008ca00000|100%| O|  |TAMS 0x000000008ca00000| PB 0x000000008c900000| Untracked 
| 202|0x000000008ca00000, 0x000000008cb00000, 0x000000008cb00000|100%| O|  |TAMS 0x000000008cb00000| PB 0x000000008ca00000| Untracked 
| 203|0x000000008cb00000, 0x000000008cc00000, 0x000000008cc00000|100%| O|  |TAMS 0x000000008cc00000| PB 0x000000008cb00000| Untracked 
| 204|0x000000008cc00000, 0x000000008cd00000, 0x000000008cd00000|100%| O|  |TAMS 0x000000008cd00000| PB 0x000000008cc00000| Untracked 
| 205|0x000000008cd00000, 0x000000008ce00000, 0x000000008ce00000|100%| O|  |TAMS 0x000000008ce00000| PB 0x000000008cd00000| Untracked 
| 206|0x000000008ce00000, 0x000000008cf00000, 0x000000008cf00000|100%| O|  |TAMS 0x000000008cf00000| PB 0x000000008ce00000| Untracked 
| 207|0x000000008cf00000, 0x000000008d000000, 0x000000008d000000|100%| O|  |TAMS 0x000000008d000000| PB 0x000000008cf00000| Untracked 
| 208|0x000000008d000000, 0x000000008d100000, 0x000000008d100000|100%| O|  |TAMS 0x000000008d000000| PB 0x000000008d000000| Untracked 
| 209|0x000000008d100000, 0x000000008d200000, 0x000000008d200000|100%| O|  |TAMS 0x000000008d100000| PB 0x000000008d100000| Untracked 
| 210|0x000000008d200000, 0x000000008d300000, 0x000000008d300000|100%| O|  |TAMS 0x000000008d300000| PB 0x000000008d200000| Untracked 
| 211|0x000000008d300000, 0x000000008d400000, 0x000000008d400000|100%| O|  |TAMS 0x000000008d400000| PB 0x000000008d300000| Untracked 
| 212|0x000000008d400000, 0x000000008d500000, 0x000000008d500000|100%| O|  |TAMS 0x000000008d500000| PB 0x000000008d400000| Untracked 
| 213|0x000000008d500000, 0x000000008d600000, 0x000000008d600000|100%| O|  |TAMS 0x000000008d600000| PB 0x000000008d500000| Untracked 
| 214|0x000000008d600000, 0x000000008d700000, 0x000000008d700000|100%| O|  |TAMS 0x000000008d700000| PB 0x000000008d600000| Untracked 
| 215|0x000000008d700000, 0x000000008d800000, 0x000000008d800000|100%| O|  |TAMS 0x000000008d800000| PB 0x000000008d700000| Untracked 
| 216|0x000000008d800000, 0x000000008d900000, 0x000000008d900000|100%| O|  |TAMS 0x000000008d900000| PB 0x000000008d800000| Untracked 
| 217|0x000000008d900000, 0x000000008da00000, 0x000000008da00000|100%| O|  |TAMS 0x000000008da00000| PB 0x000000008d900000| Untracked 
| 218|0x000000008da00000, 0x000000008db00000, 0x000000008db00000|100%| O|  |TAMS 0x000000008db00000| PB 0x000000008da00000| Untracked 
| 219|0x000000008db00000, 0x000000008dc00000, 0x000000008dc00000|100%| O|  |TAMS 0x000000008db00000| PB 0x000000008db00000| Untracked 
| 220|0x000000008dc00000, 0x000000008dd00000, 0x000000008dd00000|100%| O|  |TAMS 0x000000008dd00000| PB 0x000000008dc00000| Untracked 
| 221|0x000000008dd00000, 0x000000008de00000, 0x000000008de00000|100%| O|  |TAMS 0x000000008dd00000| PB 0x000000008dd00000| Untracked 
| 222|0x000000008de00000, 0x000000008df00000, 0x000000008df00000|100%| O|  |TAMS 0x000000008df00000| PB 0x000000008de00000| Untracked 
| 223|0x000000008df00000, 0x000000008e000000, 0x000000008e000000|100%| O|  |TAMS 0x000000008e000000| PB 0x000000008df00000| Untracked 
| 224|0x000000008e000000, 0x000000008e100000, 0x000000008e100000|100%| O|  |TAMS 0x000000008e100000| PB 0x000000008e000000| Untracked 
| 225|0x000000008e100000, 0x000000008e200000, 0x000000008e200000|100%| O|  |TAMS 0x000000008e200000| PB 0x000000008e100000| Untracked 
| 226|0x000000008e200000, 0x000000008e300000, 0x000000008e300000|100%| O|  |TAMS 0x000000008e300000| PB 0x000000008e200000| Untracked 
| 227|0x000000008e300000, 0x000000008e400000, 0x000000008e400000|100%| O|  |TAMS 0x000000008e400000| PB 0x000000008e300000| Untracked 
| 228|0x000000008e400000, 0x000000008e500000, 0x000000008e500000|100%| O|  |TAMS 0x000000008e500000| PB 0x000000008e400000| Untracked 
| 229|0x000000008e500000, 0x000000008e600000, 0x000000008e600000|100%| O|  |TAMS 0x000000008e600000| PB 0x000000008e500000| Untracked 
| 230|0x000000008e600000, 0x000000008e700000, 0x000000008e700000|100%| O|  |TAMS 0x000000008e700000| PB 0x000000008e600000| Untracked 
| 231|0x000000008e700000, 0x000000008e800000, 0x000000008e800000|100%| O|  |TAMS 0x000000008e800000| PB 0x000000008e700000| Untracked 
| 232|0x000000008e800000, 0x000000008e900000, 0x000000008e900000|100%| O|  |TAMS 0x000000008e900000| PB 0x000000008e800000| Untracked 
| 233|0x000000008e900000, 0x000000008ea00000, 0x000000008ea00000|100%| O|  |TAMS 0x000000008ea00000| PB 0x000000008e900000| Untracked 
| 234|0x000000008ea00000, 0x000000008eb00000, 0x000000008eb00000|100%| O|  |TAMS 0x000000008eb00000| PB 0x000000008ea00000| Untracked 
| 235|0x000000008eb00000, 0x000000008ec00000, 0x000000008ec00000|100%| O|  |TAMS 0x000000008ec00000| PB 0x000000008eb00000| Untracked 
| 236|0x000000008ec00000, 0x000000008ed00000, 0x000000008ed00000|100%| O|  |TAMS 0x000000008ed00000| PB 0x000000008ec00000| Untracked 
| 237|0x000000008ed00000, 0x000000008ee00000, 0x000000008ee00000|100%| O|  |TAMS 0x000000008ee00000| PB 0x000000008ed00000| Untracked 
| 238|0x000000008ee00000, 0x000000008ef00000, 0x000000008ef00000|100%| O|  |TAMS 0x000000008ef00000| PB 0x000000008ee00000| Untracked 
| 239|0x000000008ef00000, 0x000000008f000000, 0x000000008f000000|100%| O|  |TAMS 0x000000008f000000| PB 0x000000008ef00000| Untracked 
| 240|0x000000008f000000, 0x000000008f100000, 0x000000008f100000|100%| O|  |TAMS 0x000000008f100000| PB 0x000000008f000000| Untracked 
| 241|0x000000008f100000, 0x000000008f200000, 0x000000008f200000|100%| O|  |TAMS 0x000000008f200000| PB 0x000000008f100000| Untracked 
| 242|0x000000008f200000, 0x000000008f300000, 0x000000008f300000|100%| O|  |TAMS 0x000000008f300000| PB 0x000000008f200000| Untracked 
| 243|0x000000008f300000, 0x000000008f400000, 0x000000008f400000|100%| O|  |TAMS 0x000000008f400000| PB 0x000000008f300000| Untracked 
| 244|0x000000008f400000, 0x000000008f500000, 0x000000008f500000|100%| O|  |TAMS 0x000000008f500000| PB 0x000000008f400000| Untracked 
| 245|0x000000008f500000, 0x000000008f600000, 0x000000008f600000|100%| O|  |TAMS 0x000000008f600000| PB 0x000000008f500000| Untracked 
| 246|0x000000008f600000, 0x000000008f700000, 0x000000008f700000|100%| O|  |TAMS 0x000000008f700000| PB 0x000000008f600000| Untracked 
| 247|0x000000008f700000, 0x000000008f800000, 0x000000008f800000|100%| O|  |TAMS 0x000000008f800000| PB 0x000000008f700000| Untracked 
| 248|0x000000008f800000, 0x000000008f900000, 0x000000008f900000|100%| O|  |TAMS 0x000000008f900000| PB 0x000000008f800000| Untracked 
| 249|0x000000008f900000, 0x000000008fa00000, 0x000000008fa00000|100%| O|  |TAMS 0x000000008fa00000| PB 0x000000008f900000| Untracked 
| 250|0x000000008fa00000, 0x000000008fb00000, 0x000000008fb00000|100%| O|  |TAMS 0x000000008fb00000| PB 0x000000008fa00000| Untracked 
| 251|0x000000008fb00000, 0x000000008fc00000, 0x000000008fc00000|100%| O|  |TAMS 0x000000008fc00000| PB 0x000000008fb00000| Untracked 
| 252|0x000000008fc00000, 0x000000008fd00000, 0x000000008fd00000|100%| O|  |TAMS 0x000000008fd00000| PB 0x000000008fc00000| Untracked 
| 253|0x000000008fd00000, 0x000000008fe00000, 0x000000008fe00000|100%| O|  |TAMS 0x000000008fe00000| PB 0x000000008fd00000| Untracked 
| 254|0x000000008fe00000, 0x000000008ff00000, 0x000000008ff00000|100%| O|  |TAMS 0x000000008ff00000| PB 0x000000008fe00000| Untracked 
| 255|0x000000008ff00000, 0x0000000090000000, 0x0000000090000000|100%| O|  |TAMS 0x0000000090000000| PB 0x000000008ff00000| Untracked 
| 256|0x0000000090000000, 0x0000000090100000, 0x0000000090100000|100%| O|  |TAMS 0x0000000090100000| PB 0x0000000090000000| Untracked 
| 257|0x0000000090100000, 0x0000000090200000, 0x0000000090200000|100%| O|  |TAMS 0x0000000090200000| PB 0x0000000090100000| Untracked 
| 258|0x0000000090200000, 0x0000000090300000, 0x0000000090300000|100%| O|  |TAMS 0x0000000090300000| PB 0x0000000090200000| Untracked 
| 259|0x0000000090300000, 0x0000000090400000, 0x0000000090400000|100%| O|  |TAMS 0x0000000090400000| PB 0x0000000090300000| Untracked 
| 260|0x0000000090400000, 0x0000000090500000, 0x0000000090500000|100%| O|  |TAMS 0x0000000090500000| PB 0x0000000090400000| Untracked 
| 261|0x0000000090500000, 0x0000000090600000, 0x0000000090600000|100%| O|  |TAMS 0x0000000090600000| PB 0x0000000090500000| Untracked 
| 262|0x0000000090600000, 0x0000000090700000, 0x0000000090700000|100%| O|  |TAMS 0x0000000090700000| PB 0x0000000090600000| Untracked 
| 263|0x0000000090700000, 0x0000000090800000, 0x0000000090800000|100%| O|  |TAMS 0x0000000090800000| PB 0x0000000090700000| Untracked 
| 264|0x0000000090800000, 0x0000000090900000, 0x0000000090900000|100%| O|  |TAMS 0x0000000090900000| PB 0x0000000090800000| Untracked 
| 265|0x0000000090900000, 0x0000000090a00000, 0x0000000090a00000|100%| O|  |TAMS 0x0000000090a00000| PB 0x0000000090900000| Untracked 
| 266|0x0000000090a00000, 0x0000000090b00000, 0x0000000090b00000|100%| O|  |TAMS 0x0000000090b00000| PB 0x0000000090a00000| Untracked 
| 267|0x0000000090b00000, 0x0000000090c00000, 0x0000000090c00000|100%| O|  |TAMS 0x0000000090c00000| PB 0x0000000090b00000| Untracked 
| 268|0x0000000090c00000, 0x0000000090d00000, 0x0000000090d00000|100%| O|  |TAMS 0x0000000090d00000| PB 0x0000000090c00000| Untracked 
| 269|0x0000000090d00000, 0x0000000090e00000, 0x0000000090e00000|100%| O|  |TAMS 0x0000000090e00000| PB 0x0000000090d00000| Untracked 
| 270|0x0000000090e00000, 0x0000000090f00000, 0x0000000090f00000|100%| O|  |TAMS 0x0000000090f00000| PB 0x0000000090e00000| Untracked 
| 271|0x0000000090f00000, 0x0000000091000000, 0x0000000091000000|100%| O|  |TAMS 0x0000000091000000| PB 0x0000000090f00000| Untracked 
| 272|0x0000000091000000, 0x0000000091100000, 0x0000000091100000|100%| O|  |TAMS 0x0000000091100000| PB 0x0000000091000000| Untracked 
| 273|0x0000000091100000, 0x0000000091200000, 0x0000000091200000|100%| O|  |TAMS 0x0000000091200000| PB 0x0000000091100000| Untracked 
| 274|0x0000000091200000, 0x0000000091300000, 0x0000000091300000|100%| O|  |TAMS 0x0000000091300000| PB 0x0000000091200000| Untracked 
| 275|0x0000000091300000, 0x0000000091400000, 0x0000000091400000|100%| O|  |TAMS 0x0000000091400000| PB 0x0000000091300000| Untracked 
| 276|0x0000000091400000, 0x0000000091500000, 0x0000000091500000|100%| O|  |TAMS 0x0000000091500000| PB 0x0000000091400000| Untracked 
| 277|0x0000000091500000, 0x0000000091600000, 0x0000000091600000|100%| O|  |TAMS 0x0000000091600000| PB 0x0000000091500000| Untracked 
| 278|0x0000000091600000, 0x0000000091700000, 0x0000000091700000|100%| O|  |TAMS 0x0000000091700000| PB 0x0000000091600000| Untracked 
| 279|0x0000000091700000, 0x0000000091800000, 0x0000000091800000|100%| O|  |TAMS 0x0000000091700000| PB 0x0000000091700000| Untracked 
| 280|0x0000000091800000, 0x0000000091900000, 0x0000000091900000|100%| O|  |TAMS 0x0000000091800000| PB 0x0000000091800000| Untracked 
| 281|0x0000000091900000, 0x0000000091a00000, 0x0000000091a00000|100%| O|  |TAMS 0x0000000091a00000| PB 0x0000000091900000| Untracked 
| 282|0x0000000091a00000, 0x0000000091b00000, 0x0000000091b00000|100%| O|  |TAMS 0x0000000091b00000| PB 0x0000000091a00000| Untracked 
| 283|0x0000000091b00000, 0x0000000091c00000, 0x0000000091c00000|100%| O|  |TAMS 0x0000000091b00000| PB 0x0000000091b00000| Untracked 
| 284|0x0000000091c00000, 0x0000000091d00000, 0x0000000091d00000|100%| O|  |TAMS 0x0000000091c00000| PB 0x0000000091c00000| Untracked 
| 285|0x0000000091d00000, 0x0000000091e00000, 0x0000000091e00000|100%| O|  |TAMS 0x0000000091d00000| PB 0x0000000091d00000| Untracked 
| 286|0x0000000091e00000, 0x0000000091e9fff0, 0x0000000091f00000| 62%| O|  |TAMS 0x0000000091e00000| PB 0x0000000091e00000| Untracked 
| 287|0x0000000091f00000, 0x0000000091f00000, 0x0000000092000000|  0%| F|  |TAMS 0x0000000091f00000| PB 0x0000000091f00000| Untracked 
| 288|0x0000000092000000, 0x0000000092000000, 0x0000000092100000|  0%| F|  |TAMS 0x0000000092000000| PB 0x0000000092000000| Untracked 
| 289|0x0000000092100000, 0x0000000092100000, 0x0000000092200000|  0%| F|  |TAMS 0x0000000092100000| PB 0x0000000092100000| Untracked 
| 290|0x0000000092200000, 0x0000000092200000, 0x0000000092300000|  0%| F|  |TAMS 0x0000000092200000| PB 0x0000000092200000| Untracked 
| 291|0x0000000092300000, 0x0000000092300000, 0x0000000092400000|  0%| F|  |TAMS 0x0000000092300000| PB 0x0000000092300000| Untracked 
| 292|0x0000000092400000, 0x0000000092400000, 0x0000000092500000|  0%| F|  |TAMS 0x0000000092400000| PB 0x0000000092400000| Untracked 
| 293|0x0000000092500000, 0x0000000092500000, 0x0000000092600000|  0%| F|  |TAMS 0x0000000092500000| PB 0x0000000092500000| Untracked 
| 294|0x0000000092600000, 0x0000000092600000, 0x0000000092700000|  0%| F|  |TAMS 0x0000000092600000| PB 0x0000000092600000| Untracked 
| 295|0x0000000092700000, 0x0000000092700000, 0x0000000092800000|  0%| F|  |TAMS 0x0000000092700000| PB 0x0000000092700000| Untracked 
| 296|0x0000000092800000, 0x0000000092800000, 0x0000000092900000|  0%| F|  |TAMS 0x0000000092800000| PB 0x0000000092800000| Untracked 
| 297|0x0000000092900000, 0x0000000092900000, 0x0000000092a00000|  0%| F|  |TAMS 0x0000000092900000| PB 0x0000000092900000| Untracked 
| 298|0x0000000092a00000, 0x0000000092a00000, 0x0000000092b00000|  0%| F|  |TAMS 0x0000000092a00000| PB 0x0000000092a00000| Untracked 
| 299|0x0000000092b00000, 0x0000000092b00000, 0x0000000092c00000|  0%| F|  |TAMS 0x0000000092b00000| PB 0x0000000092b00000| Untracked 
| 300|0x0000000092c00000, 0x0000000092c00000, 0x0000000092d00000|  0%| F|  |TAMS 0x0000000092c00000| PB 0x0000000092c00000| Untracked 
| 301|0x0000000092d00000, 0x0000000092d00000, 0x0000000092e00000|  0%| F|  |TAMS 0x0000000092d00000| PB 0x0000000092d00000| Untracked 
| 302|0x0000000092e00000, 0x0000000092f00000, 0x0000000092f00000|100%| O|  |TAMS 0x0000000092f00000| PB 0x0000000092e00000| Untracked 
| 303|0x0000000092f00000, 0x0000000093000000, 0x0000000093000000|100%| O|  |TAMS 0x0000000093000000| PB 0x0000000092f00000| Untracked 
| 304|0x0000000093000000, 0x0000000093100000, 0x0000000093100000|100%| O|  |TAMS 0x0000000093100000| PB 0x0000000093000000| Untracked 
| 305|0x0000000093100000, 0x0000000093200000, 0x0000000093200000|100%| O|  |TAMS 0x0000000093200000| PB 0x0000000093100000| Untracked 
| 306|0x0000000093200000, 0x0000000093300000, 0x0000000093300000|100%| O|  |TAMS 0x00000000932b3e38| PB 0x0000000093200000| Untracked 
| 307|0x0000000093300000, 0x0000000093300000, 0x0000000093400000|  0%| F|  |TAMS 0x0000000093300000| PB 0x0000000093300000| Untracked 
| 308|0x0000000093400000, 0x0000000093400000, 0x0000000093500000|  0%| F|  |TAMS 0x0000000093400000| PB 0x0000000093400000| Untracked 
| 309|0x0000000093500000, 0x0000000093500000, 0x0000000093600000|  0%| F|  |TAMS 0x0000000093500000| PB 0x0000000093500000| Untracked 
| 310|0x0000000093600000, 0x0000000093600000, 0x0000000093700000|  0%| F|  |TAMS 0x0000000093600000| PB 0x0000000093600000| Untracked 
| 311|0x0000000093700000, 0x0000000093700000, 0x0000000093800000|  0%| F|  |TAMS 0x0000000093700000| PB 0x0000000093700000| Untracked 
| 312|0x0000000093800000, 0x0000000093800000, 0x0000000093900000|  0%| F|  |TAMS 0x0000000093800000| PB 0x0000000093800000| Untracked 
| 313|0x0000000093900000, 0x0000000093900000, 0x0000000093a00000|  0%| F|  |TAMS 0x0000000093900000| PB 0x0000000093900000| Untracked 
| 314|0x0000000093a00000, 0x0000000093a00000, 0x0000000093b00000|  0%| F|  |TAMS 0x0000000093a00000| PB 0x0000000093a00000| Untracked 
| 315|0x0000000093b00000, 0x0000000093b00000, 0x0000000093c00000|  0%| F|  |TAMS 0x0000000093b00000| PB 0x0000000093b00000| Untracked 
| 316|0x0000000093c00000, 0x0000000093c00000, 0x0000000093d00000|  0%| F|  |TAMS 0x0000000093c00000| PB 0x0000000093c00000| Untracked 
| 317|0x0000000093d00000, 0x0000000093d00000, 0x0000000093e00000|  0%| F|  |TAMS 0x0000000093d00000| PB 0x0000000093d00000| Untracked 
| 318|0x0000000093e00000, 0x0000000093e00000, 0x0000000093f00000|  0%| F|  |TAMS 0x0000000093e00000| PB 0x0000000093e00000| Untracked 
| 319|0x0000000093f00000, 0x0000000093f00000, 0x0000000094000000|  0%| F|  |TAMS 0x0000000093f00000| PB 0x0000000093f00000| Untracked 
| 320|0x0000000094000000, 0x0000000094000000, 0x0000000094100000|  0%| F|  |TAMS 0x0000000094000000| PB 0x0000000094000000| Untracked 
| 321|0x0000000094100000, 0x0000000094100000, 0x0000000094200000|  0%| F|  |TAMS 0x0000000094100000| PB 0x0000000094100000| Untracked 
| 322|0x0000000094200000, 0x0000000094200000, 0x0000000094300000|  0%| F|  |TAMS 0x0000000094200000| PB 0x0000000094200000| Untracked 
| 323|0x0000000094300000, 0x0000000094300000, 0x0000000094400000|  0%| F|  |TAMS 0x0000000094300000| PB 0x0000000094300000| Untracked 
| 324|0x0000000094400000, 0x0000000094400000, 0x0000000094500000|  0%| F|  |TAMS 0x0000000094400000| PB 0x0000000094400000| Untracked 
| 325|0x0000000094500000, 0x0000000094500000, 0x0000000094600000|  0%| F|  |TAMS 0x0000000094500000| PB 0x0000000094500000| Untracked 
| 326|0x0000000094600000, 0x0000000094600000, 0x0000000094700000|  0%| F|  |TAMS 0x0000000094600000| PB 0x0000000094600000| Untracked 
| 327|0x0000000094700000, 0x0000000094700000, 0x0000000094800000|  0%| F|  |TAMS 0x0000000094700000| PB 0x0000000094700000| Untracked 
| 328|0x0000000094800000, 0x0000000094800000, 0x0000000094900000|  0%| F|  |TAMS 0x0000000094800000| PB 0x0000000094800000| Untracked 
| 329|0x0000000094900000, 0x0000000094900000, 0x0000000094a00000|  0%| F|  |TAMS 0x0000000094900000| PB 0x0000000094900000| Untracked 
| 330|0x0000000094a00000, 0x0000000094a00000, 0x0000000094b00000|  0%| F|  |TAMS 0x0000000094a00000| PB 0x0000000094a00000| Untracked 
| 331|0x0000000094b00000, 0x0000000094b00000, 0x0000000094c00000|  0%| F|  |TAMS 0x0000000094b00000| PB 0x0000000094b00000| Untracked 
| 332|0x0000000094c00000, 0x0000000094c00000, 0x0000000094d00000|  0%| F|  |TAMS 0x0000000094c00000| PB 0x0000000094c00000| Untracked 
| 333|0x0000000094d00000, 0x0000000094d00000, 0x0000000094e00000|  0%| F|  |TAMS 0x0000000094d00000| PB 0x0000000094d00000| Untracked 
| 334|0x0000000094e00000, 0x0000000094e00000, 0x0000000094f00000|  0%| F|  |TAMS 0x0000000094e00000| PB 0x0000000094e00000| Untracked 
| 335|0x0000000094f00000, 0x0000000094f00000, 0x0000000095000000|  0%| F|  |TAMS 0x0000000094f00000| PB 0x0000000094f00000| Untracked 
| 336|0x0000000095000000, 0x0000000095000000, 0x0000000095100000|  0%| F|  |TAMS 0x0000000095000000| PB 0x0000000095000000| Untracked 
| 337|0x0000000095100000, 0x0000000095100000, 0x0000000095200000|  0%| F|  |TAMS 0x0000000095100000| PB 0x0000000095100000| Untracked 
| 338|0x0000000095200000, 0x0000000095200000, 0x0000000095300000|  0%| F|  |TAMS 0x0000000095200000| PB 0x0000000095200000| Untracked 
| 339|0x0000000095300000, 0x0000000095300000, 0x0000000095400000|  0%| F|  |TAMS 0x0000000095300000| PB 0x0000000095300000| Untracked 
| 340|0x0000000095400000, 0x0000000095400000, 0x0000000095500000|  0%| F|  |TAMS 0x0000000095400000| PB 0x0000000095400000| Untracked 
| 341|0x0000000095500000, 0x0000000095500000, 0x0000000095600000|  0%| F|  |TAMS 0x0000000095500000| PB 0x0000000095500000| Untracked 
| 342|0x0000000095600000, 0x0000000095600000, 0x0000000095700000|  0%| F|  |TAMS 0x0000000095600000| PB 0x0000000095600000| Untracked 
| 343|0x0000000095700000, 0x0000000095700000, 0x0000000095800000|  0%| F|  |TAMS 0x0000000095700000| PB 0x0000000095700000| Untracked 
| 344|0x0000000095800000, 0x0000000095800000, 0x0000000095900000|  0%| F|  |TAMS 0x0000000095800000| PB 0x0000000095800000| Untracked 
| 345|0x0000000095900000, 0x0000000095900000, 0x0000000095a00000|  0%| F|  |TAMS 0x0000000095900000| PB 0x0000000095900000| Untracked 
| 346|0x0000000095a00000, 0x0000000095a00000, 0x0000000095b00000|  0%| F|  |TAMS 0x0000000095a00000| PB 0x0000000095a00000| Untracked 
| 347|0x0000000095b00000, 0x0000000095b00000, 0x0000000095c00000|  0%| F|  |TAMS 0x0000000095b00000| PB 0x0000000095b00000| Untracked 
| 348|0x0000000095c00000, 0x0000000095c00000, 0x0000000095d00000|  0%| F|  |TAMS 0x0000000095c00000| PB 0x0000000095c00000| Untracked 
| 349|0x0000000095d00000, 0x0000000095d00000, 0x0000000095e00000|  0%| F|  |TAMS 0x0000000095d00000| PB 0x0000000095d00000| Untracked 
| 350|0x0000000095e00000, 0x0000000095e00000, 0x0000000095f00000|  0%| F|  |TAMS 0x0000000095e00000| PB 0x0000000095e00000| Untracked 
| 351|0x0000000095f00000, 0x0000000095f00000, 0x0000000096000000|  0%| F|  |TAMS 0x0000000095f00000| PB 0x0000000095f00000| Untracked 
| 352|0x0000000096000000, 0x0000000096000000, 0x0000000096100000|  0%| F|  |TAMS 0x0000000096000000| PB 0x0000000096000000| Untracked 
| 353|0x0000000096100000, 0x0000000096100000, 0x0000000096200000|  0%| F|  |TAMS 0x0000000096100000| PB 0x0000000096100000| Untracked 
| 354|0x0000000096200000, 0x0000000096200000, 0x0000000096300000|  0%| F|  |TAMS 0x0000000096200000| PB 0x0000000096200000| Untracked 
| 355|0x0000000096300000, 0x0000000096300000, 0x0000000096400000|  0%| F|  |TAMS 0x0000000096300000| PB 0x0000000096300000| Untracked 
| 356|0x0000000096400000, 0x0000000096400000, 0x0000000096500000|  0%| F|  |TAMS 0x0000000096400000| PB 0x0000000096400000| Untracked 
| 357|0x0000000096500000, 0x0000000096500000, 0x0000000096600000|  0%| F|  |TAMS 0x0000000096500000| PB 0x0000000096500000| Untracked 
| 358|0x0000000096600000, 0x0000000096600000, 0x0000000096700000|  0%| F|  |TAMS 0x0000000096600000| PB 0x0000000096600000| Untracked 
| 359|0x0000000096700000, 0x0000000096700000, 0x0000000096800000|  0%| F|  |TAMS 0x0000000096700000| PB 0x0000000096700000| Untracked 
| 360|0x0000000096800000, 0x0000000096800000, 0x0000000096900000|  0%| F|  |TAMS 0x0000000096800000| PB 0x0000000096800000| Untracked 
| 361|0x0000000096900000, 0x0000000096900000, 0x0000000096a00000|  0%| F|  |TAMS 0x0000000096900000| PB 0x0000000096900000| Untracked 
| 362|0x0000000096a00000, 0x0000000096a00000, 0x0000000096b00000|  0%| F|  |TAMS 0x0000000096a00000| PB 0x0000000096a00000| Untracked 
| 363|0x0000000096b00000, 0x0000000096b00000, 0x0000000096c00000|  0%| F|  |TAMS 0x0000000096b00000| PB 0x0000000096b00000| Untracked 
| 364|0x0000000096c00000, 0x0000000096c00000, 0x0000000096d00000|  0%| F|  |TAMS 0x0000000096c00000| PB 0x0000000096c00000| Untracked 
| 365|0x0000000096d00000, 0x0000000096d00000, 0x0000000096e00000|  0%| F|  |TAMS 0x0000000096d00000| PB 0x0000000096d00000| Untracked 
| 366|0x0000000096e00000, 0x0000000096e00000, 0x0000000096f00000|  0%| F|  |TAMS 0x0000000096e00000| PB 0x0000000096e00000| Untracked 
| 367|0x0000000096f00000, 0x0000000096f00000, 0x0000000097000000|  0%| F|  |TAMS 0x0000000096f00000| PB 0x0000000096f00000| Untracked 
| 368|0x0000000097000000, 0x0000000097000000, 0x0000000097100000|  0%| F|  |TAMS 0x0000000097000000| PB 0x0000000097000000| Untracked 
| 369|0x0000000097100000, 0x0000000097100000, 0x0000000097200000|  0%| F|  |TAMS 0x0000000097100000| PB 0x0000000097100000| Untracked 
| 370|0x0000000097200000, 0x0000000097200000, 0x0000000097300000|  0%| F|  |TAMS 0x0000000097200000| PB 0x0000000097200000| Untracked 
| 371|0x0000000097300000, 0x0000000097300000, 0x0000000097400000|  0%| F|  |TAMS 0x0000000097300000| PB 0x0000000097300000| Untracked 
| 372|0x0000000097400000, 0x0000000097400000, 0x0000000097500000|  0%| F|  |TAMS 0x0000000097400000| PB 0x0000000097400000| Untracked 
| 373|0x0000000097500000, 0x0000000097500000, 0x0000000097600000|  0%| F|  |TAMS 0x0000000097500000| PB 0x0000000097500000| Untracked 
| 374|0x0000000097600000, 0x0000000097600000, 0x0000000097700000|  0%| F|  |TAMS 0x0000000097600000| PB 0x0000000097600000| Untracked 
| 375|0x0000000097700000, 0x0000000097700000, 0x0000000097800000|  0%| F|  |TAMS 0x0000000097700000| PB 0x0000000097700000| Untracked 
| 376|0x0000000097800000, 0x0000000097800000, 0x0000000097900000|  0%| F|  |TAMS 0x0000000097800000| PB 0x0000000097800000| Untracked 
| 377|0x0000000097900000, 0x0000000097900000, 0x0000000097a00000|  0%| F|  |TAMS 0x0000000097900000| PB 0x0000000097900000| Untracked 
| 378|0x0000000097a00000, 0x0000000097a00000, 0x0000000097b00000|  0%| F|  |TAMS 0x0000000097a00000| PB 0x0000000097a00000| Untracked 
| 379|0x0000000097b00000, 0x0000000097b00000, 0x0000000097c00000|  0%| F|  |TAMS 0x0000000097b00000| PB 0x0000000097b00000| Untracked 
| 380|0x0000000097c00000, 0x0000000097c00000, 0x0000000097d00000|  0%| F|  |TAMS 0x0000000097c00000| PB 0x0000000097c00000| Untracked 
| 381|0x0000000097d00000, 0x0000000097d00000, 0x0000000097e00000|  0%| F|  |TAMS 0x0000000097d00000| PB 0x0000000097d00000| Untracked 
| 382|0x0000000097e00000, 0x0000000097e00000, 0x0000000097f00000|  0%| F|  |TAMS 0x0000000097e00000| PB 0x0000000097e00000| Untracked 
| 383|0x0000000097f00000, 0x0000000097f00000, 0x0000000098000000|  0%| F|  |TAMS 0x0000000097f00000| PB 0x0000000097f00000| Untracked 
| 384|0x0000000098000000, 0x0000000098000000, 0x0000000098100000|  0%| F|  |TAMS 0x0000000098000000| PB 0x0000000098000000| Untracked 
| 385|0x0000000098100000, 0x0000000098100000, 0x0000000098200000|  0%| F|  |TAMS 0x0000000098100000| PB 0x0000000098100000| Untracked 
| 386|0x0000000098200000, 0x0000000098200000, 0x0000000098300000|  0%| F|  |TAMS 0x0000000098200000| PB 0x0000000098200000| Untracked 
| 387|0x0000000098300000, 0x0000000098300000, 0x0000000098400000|  0%| F|  |TAMS 0x0000000098300000| PB 0x0000000098300000| Untracked 
| 388|0x0000000098400000, 0x0000000098400000, 0x0000000098500000|  0%| F|  |TAMS 0x0000000098400000| PB 0x0000000098400000| Untracked 
| 389|0x0000000098500000, 0x0000000098500000, 0x0000000098600000|  0%| F|  |TAMS 0x0000000098500000| PB 0x0000000098500000| Untracked 
| 390|0x0000000098600000, 0x0000000098600000, 0x0000000098700000|  0%| F|  |TAMS 0x0000000098600000| PB 0x0000000098600000| Untracked 
| 391|0x0000000098700000, 0x0000000098700000, 0x0000000098800000|  0%| F|  |TAMS 0x0000000098700000| PB 0x0000000098700000| Untracked 
| 392|0x0000000098800000, 0x0000000098800000, 0x0000000098900000|  0%| F|  |TAMS 0x0000000098800000| PB 0x0000000098800000| Untracked 
| 393|0x0000000098900000, 0x0000000098900000, 0x0000000098a00000|  0%| F|  |TAMS 0x0000000098900000| PB 0x0000000098900000| Untracked 
| 394|0x0000000098a00000, 0x0000000098a00000, 0x0000000098b00000|  0%| F|  |TAMS 0x0000000098a00000| PB 0x0000000098a00000| Untracked 
| 395|0x0000000098b00000, 0x0000000098b00000, 0x0000000098c00000|  0%| F|  |TAMS 0x0000000098b00000| PB 0x0000000098b00000| Untracked 
| 396|0x0000000098c00000, 0x0000000098c00000, 0x0000000098d00000|  0%| F|  |TAMS 0x0000000098c00000| PB 0x0000000098c00000| Untracked 
| 397|0x0000000098d00000, 0x0000000098d00000, 0x0000000098e00000|  0%| F|  |TAMS 0x0000000098d00000| PB 0x0000000098d00000| Untracked 
| 398|0x0000000098e00000, 0x0000000098e00000, 0x0000000098f00000|  0%| F|  |TAMS 0x0000000098e00000| PB 0x0000000098e00000| Untracked 
| 399|0x0000000098f00000, 0x0000000098f00000, 0x0000000099000000|  0%| F|  |TAMS 0x0000000098f00000| PB 0x0000000098f00000| Untracked 
| 400|0x0000000099000000, 0x0000000099000000, 0x0000000099100000|  0%| F|  |TAMS 0x0000000099000000| PB 0x0000000099000000| Untracked 
| 401|0x0000000099100000, 0x0000000099100000, 0x0000000099200000|  0%| F|  |TAMS 0x0000000099100000| PB 0x0000000099100000| Untracked 
| 402|0x0000000099200000, 0x0000000099200000, 0x0000000099300000|  0%| F|  |TAMS 0x0000000099200000| PB 0x0000000099200000| Untracked 
| 403|0x0000000099300000, 0x0000000099300000, 0x0000000099400000|  0%| F|  |TAMS 0x0000000099300000| PB 0x0000000099300000| Untracked 
| 404|0x0000000099400000, 0x0000000099400000, 0x0000000099500000|  0%| F|  |TAMS 0x0000000099400000| PB 0x0000000099400000| Untracked 
| 405|0x0000000099500000, 0x0000000099500000, 0x0000000099600000|  0%| F|  |TAMS 0x0000000099500000| PB 0x0000000099500000| Untracked 
| 406|0x0000000099600000, 0x0000000099600000, 0x0000000099700000|  0%| F|  |TAMS 0x0000000099600000| PB 0x0000000099600000| Untracked 
| 407|0x0000000099700000, 0x0000000099700000, 0x0000000099800000|  0%| F|  |TAMS 0x0000000099700000| PB 0x0000000099700000| Untracked 
| 408|0x0000000099800000, 0x0000000099800000, 0x0000000099900000|  0%| F|  |TAMS 0x0000000099800000| PB 0x0000000099800000| Untracked 
| 409|0x0000000099900000, 0x0000000099900000, 0x0000000099a00000|  0%| F|  |TAMS 0x0000000099900000| PB 0x0000000099900000| Untracked 
| 410|0x0000000099a00000, 0x0000000099a00000, 0x0000000099b00000|  0%| F|  |TAMS 0x0000000099a00000| PB 0x0000000099a00000| Untracked 
| 411|0x0000000099b00000, 0x0000000099b00000, 0x0000000099c00000|  0%| F|  |TAMS 0x0000000099b00000| PB 0x0000000099b00000| Untracked 
| 412|0x0000000099c00000, 0x0000000099c00000, 0x0000000099d00000|  0%| F|  |TAMS 0x0000000099c00000| PB 0x0000000099c00000| Untracked 
| 413|0x0000000099d00000, 0x0000000099d00000, 0x0000000099e00000|  0%| F|  |TAMS 0x0000000099d00000| PB 0x0000000099d00000| Untracked 
| 414|0x0000000099e00000, 0x0000000099e00000, 0x0000000099f00000|  0%| F|  |TAMS 0x0000000099e00000| PB 0x0000000099e00000| Untracked 
| 415|0x0000000099f00000, 0x0000000099f00000, 0x000000009a000000|  0%| F|  |TAMS 0x0000000099f00000| PB 0x0000000099f00000| Untracked 
| 416|0x000000009a000000, 0x000000009a000000, 0x000000009a100000|  0%| F|  |TAMS 0x000000009a000000| PB 0x000000009a000000| Untracked 
| 417|0x000000009a100000, 0x000000009a100000, 0x000000009a200000|  0%| F|  |TAMS 0x000000009a100000| PB 0x000000009a100000| Untracked 
| 418|0x000000009a200000, 0x000000009a200000, 0x000000009a300000|  0%| F|  |TAMS 0x000000009a200000| PB 0x000000009a200000| Untracked 
| 419|0x000000009a300000, 0x000000009a300000, 0x000000009a400000|  0%| F|  |TAMS 0x000000009a300000| PB 0x000000009a300000| Untracked 
| 420|0x000000009a400000, 0x000000009a400000, 0x000000009a500000|  0%| F|  |TAMS 0x000000009a400000| PB 0x000000009a400000| Untracked 
| 421|0x000000009a500000, 0x000000009a500000, 0x000000009a600000|  0%| F|  |TAMS 0x000000009a500000| PB 0x000000009a500000| Untracked 
| 422|0x000000009a600000, 0x000000009a600000, 0x000000009a700000|  0%| F|  |TAMS 0x000000009a600000| PB 0x000000009a600000| Untracked 
| 423|0x000000009a700000, 0x000000009a700000, 0x000000009a800000|  0%| F|  |TAMS 0x000000009a700000| PB 0x000000009a700000| Untracked 
| 424|0x000000009a800000, 0x000000009a800000, 0x000000009a900000|  0%| F|  |TAMS 0x000000009a800000| PB 0x000000009a800000| Untracked 
| 425|0x000000009a900000, 0x000000009a900000, 0x000000009aa00000|  0%| F|  |TAMS 0x000000009a900000| PB 0x000000009a900000| Untracked 
| 426|0x000000009aa00000, 0x000000009aa00000, 0x000000009ab00000|  0%| F|  |TAMS 0x000000009aa00000| PB 0x000000009aa00000| Untracked 
| 427|0x000000009ab00000, 0x000000009ab00000, 0x000000009ac00000|  0%| F|  |TAMS 0x000000009ab00000| PB 0x000000009ab00000| Untracked 
| 428|0x000000009ac00000, 0x000000009ac00000, 0x000000009ad00000|  0%| F|  |TAMS 0x000000009ac00000| PB 0x000000009ac00000| Untracked 
| 429|0x000000009ad00000, 0x000000009adf7280, 0x000000009ae00000| 96%| S|CS|TAMS 0x000000009ad00000| PB 0x000000009ad00000| Complete 
| 430|0x000000009ae00000, 0x000000009af00000, 0x000000009af00000|100%| S|CS|TAMS 0x000000009ae00000| PB 0x000000009ae00000| Complete 
| 431|0x000000009af00000, 0x000000009b000000, 0x000000009b000000|100%| S|CS|TAMS 0x000000009af00000| PB 0x000000009af00000| Complete 
| 432|0x000000009b000000, 0x000000009b100000, 0x000000009b100000|100%| S|CS|TAMS 0x000000009b000000| PB 0x000000009b000000| Complete 
| 433|0x000000009b100000, 0x000000009b200000, 0x000000009b200000|100%| S|CS|TAMS 0x000000009b100000| PB 0x000000009b100000| Complete 
| 434|0x000000009b200000, 0x000000009b300000, 0x000000009b300000|100%| S|CS|TAMS 0x000000009b200000| PB 0x000000009b200000| Complete 
| 435|0x000000009b300000, 0x000000009b400000, 0x000000009b400000|100%| S|CS|TAMS 0x000000009b300000| PB 0x000000009b300000| Complete 
| 436|0x000000009b400000, 0x000000009b500000, 0x000000009b500000|100%| S|CS|TAMS 0x000000009b400000| PB 0x000000009b400000| Complete 
| 437|0x000000009b500000, 0x000000009b600000, 0x000000009b600000|100%| S|CS|TAMS 0x000000009b500000| PB 0x000000009b500000| Complete 
| 438|0x000000009b600000, 0x000000009b700000, 0x000000009b700000|100%| S|CS|TAMS 0x000000009b600000| PB 0x000000009b600000| Complete 
| 439|0x000000009b700000, 0x000000009b800000, 0x000000009b800000|100%| S|CS|TAMS 0x000000009b700000| PB 0x000000009b700000| Complete 
| 440|0x000000009b800000, 0x000000009b900000, 0x000000009b900000|100%| S|CS|TAMS 0x000000009b800000| PB 0x000000009b800000| Complete 
| 441|0x000000009b900000, 0x000000009ba00000, 0x000000009ba00000|100%| S|CS|TAMS 0x000000009b900000| PB 0x000000009b900000| Complete 
| 442|0x000000009ba00000, 0x000000009bb00000, 0x000000009bb00000|100%| S|CS|TAMS 0x000000009ba00000| PB 0x000000009ba00000| Complete 
| 443|0x000000009bb00000, 0x000000009bc00000, 0x000000009bc00000|100%| S|CS|TAMS 0x000000009bb00000| PB 0x000000009bb00000| Complete 
| 444|0x000000009bc00000, 0x000000009bd00000, 0x000000009bd00000|100%| S|CS|TAMS 0x000000009bc00000| PB 0x000000009bc00000| Complete 
| 445|0x000000009bd00000, 0x000000009be00000, 0x000000009be00000|100%| S|CS|TAMS 0x000000009bd00000| PB 0x000000009bd00000| Complete 
| 446|0x000000009be00000, 0x000000009bf00000, 0x000000009bf00000|100%| S|CS|TAMS 0x000000009be00000| PB 0x000000009be00000| Complete 
| 447|0x000000009bf00000, 0x000000009bf00000, 0x000000009c000000|  0%| F|  |TAMS 0x000000009bf00000| PB 0x000000009bf00000| Untracked 
| 448|0x000000009c000000, 0x000000009c000000, 0x000000009c100000|  0%| F|  |TAMS 0x000000009c000000| PB 0x000000009c000000| Untracked 
| 449|0x000000009c100000, 0x000000009c100000, 0x000000009c200000|  0%| F|  |TAMS 0x000000009c100000| PB 0x000000009c100000| Untracked 
| 450|0x000000009c200000, 0x000000009c200000, 0x000000009c300000|  0%| F|  |TAMS 0x000000009c200000| PB 0x000000009c200000| Untracked 
| 451|0x000000009c300000, 0x000000009c300000, 0x000000009c400000|  0%| F|  |TAMS 0x000000009c300000| PB 0x000000009c300000| Untracked 
| 452|0x000000009c400000, 0x000000009c400000, 0x000000009c500000|  0%| F|  |TAMS 0x000000009c400000| PB 0x000000009c400000| Untracked 
| 453|0x000000009c500000, 0x000000009c500000, 0x000000009c600000|  0%| F|  |TAMS 0x000000009c500000| PB 0x000000009c500000| Untracked 
| 454|0x000000009c600000, 0x000000009c600000, 0x000000009c700000|  0%| F|  |TAMS 0x000000009c600000| PB 0x000000009c600000| Untracked 
| 455|0x000000009c700000, 0x000000009c700000, 0x000000009c800000|  0%| F|  |TAMS 0x000000009c700000| PB 0x000000009c700000| Untracked 
| 456|0x000000009c800000, 0x000000009c800000, 0x000000009c900000|  0%| F|  |TAMS 0x000000009c800000| PB 0x000000009c800000| Untracked 
| 457|0x000000009c900000, 0x000000009c900000, 0x000000009ca00000|  0%| F|  |TAMS 0x000000009c900000| PB 0x000000009c900000| Untracked 
| 458|0x000000009ca00000, 0x000000009ca00000, 0x000000009cb00000|  0%| F|  |TAMS 0x000000009ca00000| PB 0x000000009ca00000| Untracked 
| 459|0x000000009cb00000, 0x000000009cb00000, 0x000000009cc00000|  0%| F|  |TAMS 0x000000009cb00000| PB 0x000000009cb00000| Untracked 
| 460|0x000000009cc00000, 0x000000009cc00000, 0x000000009cd00000|  0%| F|  |TAMS 0x000000009cc00000| PB 0x000000009cc00000| Untracked 
| 461|0x000000009cd00000, 0x000000009cd00000, 0x000000009ce00000|  0%| F|  |TAMS 0x000000009cd00000| PB 0x000000009cd00000| Untracked 
| 462|0x000000009ce00000, 0x000000009ce00000, 0x000000009cf00000|  0%| F|  |TAMS 0x000000009ce00000| PB 0x000000009ce00000| Untracked 
| 463|0x000000009cf00000, 0x000000009cf00000, 0x000000009d000000|  0%| F|  |TAMS 0x000000009cf00000| PB 0x000000009cf00000| Untracked 
| 464|0x000000009d000000, 0x000000009d000000, 0x000000009d100000|  0%| F|  |TAMS 0x000000009d000000| PB 0x000000009d000000| Untracked 
| 465|0x000000009d100000, 0x000000009d100000, 0x000000009d200000|  0%| F|  |TAMS 0x000000009d100000| PB 0x000000009d100000| Untracked 
| 466|0x000000009d200000, 0x000000009d200000, 0x000000009d300000|  0%| F|  |TAMS 0x000000009d200000| PB 0x000000009d200000| Untracked 
| 467|0x000000009d300000, 0x000000009d300000, 0x000000009d400000|  0%| F|  |TAMS 0x000000009d300000| PB 0x000000009d300000| Untracked 
| 468|0x000000009d400000, 0x000000009d400000, 0x000000009d500000|  0%| F|  |TAMS 0x000000009d400000| PB 0x000000009d400000| Untracked 
| 469|0x000000009d500000, 0x000000009d500000, 0x000000009d600000|  0%| F|  |TAMS 0x000000009d500000| PB 0x000000009d500000| Untracked 
| 470|0x000000009d600000, 0x000000009d600000, 0x000000009d700000|  0%| F|  |TAMS 0x000000009d600000| PB 0x000000009d600000| Untracked 
| 471|0x000000009d700000, 0x000000009d700000, 0x000000009d800000|  0%| F|  |TAMS 0x000000009d700000| PB 0x000000009d700000| Untracked 
| 472|0x000000009d800000, 0x000000009d800000, 0x000000009d900000|  0%| F|  |TAMS 0x000000009d800000| PB 0x000000009d800000| Untracked 
| 473|0x000000009d900000, 0x000000009d900000, 0x000000009da00000|  0%| F|  |TAMS 0x000000009d900000| PB 0x000000009d900000| Untracked 
| 474|0x000000009da00000, 0x000000009da00000, 0x000000009db00000|  0%| F|  |TAMS 0x000000009da00000| PB 0x000000009da00000| Untracked 
| 475|0x000000009db00000, 0x000000009db00000, 0x000000009dc00000|  0%| F|  |TAMS 0x000000009db00000| PB 0x000000009db00000| Untracked 
| 476|0x000000009dc00000, 0x000000009dc00000, 0x000000009dd00000|  0%| F|  |TAMS 0x000000009dc00000| PB 0x000000009dc00000| Untracked 
| 477|0x000000009dd00000, 0x000000009dd00000, 0x000000009de00000|  0%| F|  |TAMS 0x000000009dd00000| PB 0x000000009dd00000| Untracked 
| 478|0x000000009de00000, 0x000000009de00000, 0x000000009df00000|  0%| F|  |TAMS 0x000000009de00000| PB 0x000000009de00000| Untracked 
| 479|0x000000009df00000, 0x000000009df00000, 0x000000009e000000|  0%| F|  |TAMS 0x000000009df00000| PB 0x000000009df00000| Untracked 
| 480|0x000000009e000000, 0x000000009e000000, 0x000000009e100000|  0%| F|  |TAMS 0x000000009e000000| PB 0x000000009e000000| Untracked 
| 481|0x000000009e100000, 0x000000009e100000, 0x000000009e200000|  0%| F|  |TAMS 0x000000009e100000| PB 0x000000009e100000| Untracked 
| 482|0x000000009e200000, 0x000000009e200000, 0x000000009e300000|  0%| F|  |TAMS 0x000000009e200000| PB 0x000000009e200000| Untracked 
| 483|0x000000009e300000, 0x000000009e300000, 0x000000009e400000|  0%| F|  |TAMS 0x000000009e300000| PB 0x000000009e300000| Untracked 
| 484|0x000000009e400000, 0x000000009e400000, 0x000000009e500000|  0%| F|  |TAMS 0x000000009e400000| PB 0x000000009e400000| Untracked 
| 485|0x000000009e500000, 0x000000009e500000, 0x000000009e600000|  0%| F|  |TAMS 0x000000009e500000| PB 0x000000009e500000| Untracked 
| 486|0x000000009e600000, 0x000000009e600000, 0x000000009e700000|  0%| F|  |TAMS 0x000000009e600000| PB 0x000000009e600000| Untracked 
| 487|0x000000009e700000, 0x000000009e700000, 0x000000009e800000|  0%| F|  |TAMS 0x000000009e700000| PB 0x000000009e700000| Untracked 
| 488|0x000000009e800000, 0x000000009e800000, 0x000000009e900000|  0%| F|  |TAMS 0x000000009e800000| PB 0x000000009e800000| Untracked 
| 489|0x000000009e900000, 0x000000009e900000, 0x000000009ea00000|  0%| F|  |TAMS 0x000000009e900000| PB 0x000000009e900000| Untracked 
| 490|0x000000009ea00000, 0x000000009ea00000, 0x000000009eb00000|  0%| F|  |TAMS 0x000000009ea00000| PB 0x000000009ea00000| Untracked 
| 491|0x000000009eb00000, 0x000000009eb00000, 0x000000009ec00000|  0%| F|  |TAMS 0x000000009eb00000| PB 0x000000009eb00000| Untracked 
| 492|0x000000009ec00000, 0x000000009ec00000, 0x000000009ed00000|  0%| F|  |TAMS 0x000000009ec00000| PB 0x000000009ec00000| Untracked 
| 493|0x000000009ed00000, 0x000000009ed00000, 0x000000009ee00000|  0%| F|  |TAMS 0x000000009ed00000| PB 0x000000009ed00000| Untracked 
| 494|0x000000009ee00000, 0x000000009ee00000, 0x000000009ef00000|  0%| F|  |TAMS 0x000000009ee00000| PB 0x000000009ee00000| Untracked 
| 495|0x000000009ef00000, 0x000000009ef00000, 0x000000009f000000|  0%| F|  |TAMS 0x000000009ef00000| PB 0x000000009ef00000| Untracked 
| 496|0x000000009f000000, 0x000000009f000000, 0x000000009f100000|  0%| F|  |TAMS 0x000000009f000000| PB 0x000000009f000000| Untracked 
| 497|0x000000009f100000, 0x000000009f100000, 0x000000009f200000|  0%| F|  |TAMS 0x000000009f100000| PB 0x000000009f100000| Untracked 
| 498|0x000000009f200000, 0x000000009f200000, 0x000000009f300000|  0%| F|  |TAMS 0x000000009f200000| PB 0x000000009f200000| Untracked 
| 499|0x000000009f300000, 0x000000009f300000, 0x000000009f400000|  0%| F|  |TAMS 0x000000009f300000| PB 0x000000009f300000| Untracked 
| 500|0x000000009f400000, 0x000000009f400000, 0x000000009f500000|  0%| F|  |TAMS 0x000000009f400000| PB 0x000000009f400000| Untracked 
| 501|0x000000009f500000, 0x000000009f500000, 0x000000009f600000|  0%| F|  |TAMS 0x000000009f500000| PB 0x000000009f500000| Untracked 
| 502|0x000000009f600000, 0x000000009f600000, 0x000000009f700000|  0%| F|  |TAMS 0x000000009f600000| PB 0x000000009f600000| Untracked 
| 503|0x000000009f700000, 0x000000009f700000, 0x000000009f800000|  0%| F|  |TAMS 0x000000009f700000| PB 0x000000009f700000| Untracked 
| 504|0x000000009f800000, 0x000000009f800000, 0x000000009f900000|  0%| F|  |TAMS 0x000000009f800000| PB 0x000000009f800000| Untracked 
| 505|0x000000009f900000, 0x000000009f900000, 0x000000009fa00000|  0%| F|  |TAMS 0x000000009f900000| PB 0x000000009f900000| Untracked 
| 506|0x000000009fa00000, 0x000000009fa00000, 0x000000009fb00000|  0%| F|  |TAMS 0x000000009fa00000| PB 0x000000009fa00000| Untracked 
| 507|0x000000009fb00000, 0x000000009fb00000, 0x000000009fc00000|  0%| F|  |TAMS 0x000000009fb00000| PB 0x000000009fb00000| Untracked 
| 508|0x000000009fc00000, 0x000000009fc00000, 0x000000009fd00000|  0%| F|  |TAMS 0x000000009fc00000| PB 0x000000009fc00000| Untracked 
| 509|0x000000009fd00000, 0x000000009fd00000, 0x000000009fe00000|  0%| F|  |TAMS 0x000000009fd00000| PB 0x000000009fd00000| Untracked 
| 510|0x000000009fe00000, 0x000000009fe00000, 0x000000009ff00000|  0%| F|  |TAMS 0x000000009fe00000| PB 0x000000009fe00000| Untracked 
| 511|0x000000009ff00000, 0x000000009ff00000, 0x00000000a0000000|  0%| F|  |TAMS 0x000000009ff00000| PB 0x000000009ff00000| Untracked 
| 512|0x00000000a0000000, 0x00000000a0000000, 0x00000000a0100000|  0%| F|  |TAMS 0x00000000a0000000| PB 0x00000000a0000000| Untracked 
| 513|0x00000000a0100000, 0x00000000a0100000, 0x00000000a0200000|  0%| F|  |TAMS 0x00000000a0100000| PB 0x00000000a0100000| Untracked 
| 514|0x00000000a0200000, 0x00000000a0200000, 0x00000000a0300000|  0%| F|  |TAMS 0x00000000a0200000| PB 0x00000000a0200000| Untracked 
| 515|0x00000000a0300000, 0x00000000a0300000, 0x00000000a0400000|  0%| F|  |TAMS 0x00000000a0300000| PB 0x00000000a0300000| Untracked 
| 516|0x00000000a0400000, 0x00000000a0400000, 0x00000000a0500000|  0%| F|  |TAMS 0x00000000a0400000| PB 0x00000000a0400000| Untracked 
| 517|0x00000000a0500000, 0x00000000a0500000, 0x00000000a0600000|  0%| F|  |TAMS 0x00000000a0500000| PB 0x00000000a0500000| Untracked 
| 518|0x00000000a0600000, 0x00000000a0600000, 0x00000000a0700000|  0%| F|  |TAMS 0x00000000a0600000| PB 0x00000000a0600000| Untracked 
| 519|0x00000000a0700000, 0x00000000a0700000, 0x00000000a0800000|  0%| F|  |TAMS 0x00000000a0700000| PB 0x00000000a0700000| Untracked 
| 520|0x00000000a0800000, 0x00000000a0800000, 0x00000000a0900000|  0%| F|  |TAMS 0x00000000a0800000| PB 0x00000000a0800000| Untracked 
| 521|0x00000000a0900000, 0x00000000a0900000, 0x00000000a0a00000|  0%| F|  |TAMS 0x00000000a0900000| PB 0x00000000a0900000| Untracked 
| 522|0x00000000a0a00000, 0x00000000a0a00000, 0x00000000a0b00000|  0%| F|  |TAMS 0x00000000a0a00000| PB 0x00000000a0a00000| Untracked 
| 523|0x00000000a0b00000, 0x00000000a0b00000, 0x00000000a0c00000|  0%| F|  |TAMS 0x00000000a0b00000| PB 0x00000000a0b00000| Untracked 
| 524|0x00000000a0c00000, 0x00000000a0c00000, 0x00000000a0d00000|  0%| F|  |TAMS 0x00000000a0c00000| PB 0x00000000a0c00000| Untracked 
| 525|0x00000000a0d00000, 0x00000000a0d00000, 0x00000000a0e00000|  0%| F|  |TAMS 0x00000000a0d00000| PB 0x00000000a0d00000| Untracked 
| 526|0x00000000a0e00000, 0x00000000a0e00000, 0x00000000a0f00000|  0%| F|  |TAMS 0x00000000a0e00000| PB 0x00000000a0e00000| Untracked 
| 527|0x00000000a0f00000, 0x00000000a0f00000, 0x00000000a1000000|  0%| F|  |TAMS 0x00000000a0f00000| PB 0x00000000a0f00000| Untracked 
| 528|0x00000000a1000000, 0x00000000a1000000, 0x00000000a1100000|  0%| F|  |TAMS 0x00000000a1000000| PB 0x00000000a1000000| Untracked 
| 529|0x00000000a1100000, 0x00000000a1100000, 0x00000000a1200000|  0%| F|  |TAMS 0x00000000a1100000| PB 0x00000000a1100000| Untracked 
| 530|0x00000000a1200000, 0x00000000a1200000, 0x00000000a1300000|  0%| F|  |TAMS 0x00000000a1200000| PB 0x00000000a1200000| Untracked 
| 531|0x00000000a1300000, 0x00000000a1300000, 0x00000000a1400000|  0%| F|  |TAMS 0x00000000a1300000| PB 0x00000000a1300000| Untracked 
| 532|0x00000000a1400000, 0x00000000a1400000, 0x00000000a1500000|  0%| F|  |TAMS 0x00000000a1400000| PB 0x00000000a1400000| Untracked 
| 533|0x00000000a1500000, 0x00000000a1500000, 0x00000000a1600000|  0%| F|  |TAMS 0x00000000a1500000| PB 0x00000000a1500000| Untracked 
| 534|0x00000000a1600000, 0x00000000a1600000, 0x00000000a1700000|  0%| F|  |TAMS 0x00000000a1600000| PB 0x00000000a1600000| Untracked 
| 535|0x00000000a1700000, 0x00000000a1700000, 0x00000000a1800000|  0%| F|  |TAMS 0x00000000a1700000| PB 0x00000000a1700000| Untracked 
| 536|0x00000000a1800000, 0x00000000a1800000, 0x00000000a1900000|  0%| F|  |TAMS 0x00000000a1800000| PB 0x00000000a1800000| Untracked 
| 537|0x00000000a1900000, 0x00000000a1900000, 0x00000000a1a00000|  0%| F|  |TAMS 0x00000000a1900000| PB 0x00000000a1900000| Untracked 
| 538|0x00000000a1a00000, 0x00000000a1a00000, 0x00000000a1b00000|  0%| F|  |TAMS 0x00000000a1a00000| PB 0x00000000a1a00000| Untracked 
| 539|0x00000000a1b00000, 0x00000000a1b00000, 0x00000000a1c00000|  0%| F|  |TAMS 0x00000000a1b00000| PB 0x00000000a1b00000| Untracked 
| 540|0x00000000a1c00000, 0x00000000a1c00000, 0x00000000a1d00000|  0%| F|  |TAMS 0x00000000a1c00000| PB 0x00000000a1c00000| Untracked 
| 541|0x00000000a1d00000, 0x00000000a1d00000, 0x00000000a1e00000|  0%| F|  |TAMS 0x00000000a1d00000| PB 0x00000000a1d00000| Untracked 
| 542|0x00000000a1e00000, 0x00000000a1e00000, 0x00000000a1f00000|  0%| F|  |TAMS 0x00000000a1e00000| PB 0x00000000a1e00000| Untracked 
|2047|0x00000000fff00000, 0x0000000100000000, 0x0000000100000000|100%| O|  |TAMS 0x0000000100000000| PB 0x00000000fff00000| Untracked 

Card table byte_map: [0x000001e216ed0000,0x000001e2172d0000] _byte_map_base: 0x000001e216ad0000

Marking Bits: (CMBitMap*) 0x000001e204484460
 Bits: [0x000001e2172d0000, 0x000001e2192d0000)

Polling page: 0x000001e202260000

Metaspace:

Usage:
  Non-class:    119.11 MB used.
      Class:     18.91 MB used.
       Both:    138.02 MB used.

Virtual space:
  Non-class space:      128.00 MB reserved,     120.19 MB ( 94%) committed,  2 nodes.
      Class space:        1.00 GB reserved,      20.00 MB (  2%) committed,  1 nodes.
             Both:        1.12 GB reserved,     140.19 MB ( 12%) committed. 

Chunk freelists:
   Non-Class:  7.70 MB
       Class:  11.95 MB
        Both:  19.66 MB

MaxMetaspaceSize: unlimited
CompressedClassSpaceSize: 1.00 GB
Initial GC threshold: 21.00 MB
Current GC threshold: 233.44 MB
CDS: off
 - commit_granule_bytes: 65536.
 - commit_granule_words: 8192.
 - virtual_space_node_default_size: 8388608.
 - enlarge_chunks_in_place: 1.
 - use_allocation_guard: 0.


Internal statistics:

num_allocs_failed_limit: 9.
num_arena_births: 4388.
num_arena_deaths: 46.
num_vsnodes_births: 3.
num_vsnodes_deaths: 0.
num_space_committed: 2242.
num_space_uncommitted: 0.
num_chunks_returned_to_freelist: 74.
num_chunks_taken_from_freelist: 10332.
num_chunk_merges: 30.
num_chunk_splits: 6848.
num_chunks_enlarged: 4475.
num_inconsistent_stats: 0.

CodeHeap 'non-profiled nmethods': size=120000Kb used=10400Kb max_used=10434Kb free=109599Kb
 bounds [0x000001e20f050000, 0x000001e20fac0000, 0x000001e216580000]
CodeHeap 'profiled nmethods': size=120000Kb used=34438Kb max_used=35088Kb free=85561Kb
 bounds [0x000001e207580000, 0x000001e2097d0000, 0x000001e20eab0000]
CodeHeap 'non-nmethods': size=5760Kb used=2162Kb max_used=2251Kb free=3597Kb
 bounds [0x000001e20eab0000, 0x000001e20ed20000, 0x000001e20f050000]
 total_blobs=17733 nmethods=16841 adapters=793
 compilation: enabled
              stopped_count=0, restarted_count=0
 full_count=0

Compilation events (20 events):
Event: 58.579 Thread 0x000001e21c0b3ac0 21928       2       java.util.LinkedList$ListItr::add (60 bytes)
Event: 58.580 Thread 0x000001e21c0b3ac0 nmethod 21928 0x000001e20941ec10 code [0x000001e20941ede0, 0x000001e20941f060]
Event: 58.581 Thread 0x000001e21c0b3ac0 21929       2       com.android.tools.r8.internal.qp::a (32 bytes)
Event: 58.582 Thread 0x000001e21c0b3ac0 nmethod 21929 0x000001e20941e690 code [0x000001e20941e860, 0x000001e20941ea70]
Event: 58.582 Thread 0x000001e21c0b3ac0 21930       2       com.android.tools.r8.internal.qp::g (2 bytes)
Event: 58.582 Thread 0x000001e21c0b3ac0 nmethod 21930 0x000001e208dea190 code [0x000001e208dea320, 0x000001e208dea428]
Event: 58.582 Thread 0x000001e21c0b3ac0 21931       1       com.android.tools.r8.internal.Fn::p (3 bytes)
Event: 58.582 Thread 0x000001e21c0b3ac0 nmethod 21931 0x000001e20f44a190 code [0x000001e20f44a320, 0x000001e20f44a3e8]
Event: 58.583 Thread 0x000001e21c0b3ac0 21932       2       com.android.tools.r8.internal.Co::a (25 bytes)
Event: 58.583 Thread 0x000001e21c0ab020 nmethod 21475 0x000001e20f1d5990 code [0x000001e20f1d5d20, 0x000001e20f1d7c98]
Event: 58.584 Thread 0x000001e21c0ab020 21536       4       com.android.tools.r8.internal.me0::contains (59 bytes)
Event: 58.584 Thread 0x000001e21c0b3ac0 nmethod 21932 0x000001e20941e190 code [0x000001e20941e360, 0x000001e20941e530]
Event: 58.585 Thread 0x000001e21c0b3ac0 21934       1       com.android.tools.r8.internal.yq::p (4 bytes)
Event: 58.586 Thread 0x000001e21c0b3ac0 nmethod 21934 0x000001e20f1d5510 code [0x000001e20f1d56a0, 0x000001e20f1d5768]
Event: 58.586 Thread 0x000001e21c0b3ac0 21935       3       com.android.tools.r8.internal.lJ::a (75 bytes)
Event: 58.587 Thread 0x000001e21c0b3ac0 nmethod 21935 0x000001e20941d210 code [0x000001e20941d480, 0x000001e20941dda0]
Event: 58.587 Thread 0x000001e21c0b3ac0 21936       3       com.android.tools.r8.internal.Ro::<init> (79 bytes)
Event: 58.588 Thread 0x000001e21c0b3ac0 nmethod 21936 0x000001e20941cc90 code [0x000001e20941ce40, 0x000001e20941d0f0]
Event: 58.590 Thread 0x000001e21c0ab020 nmethod 21536 0x000001e20f944d10 code [0x000001e20f944ec0, 0x000001e20f945140]
Event: 58.590 Thread 0x000001e21c0ab020 21933       4       jdk.internal.misc.Unsafe::putShortUnaligned (14 bytes)

GC Heap History (20 events):
Event: 53.238 GC heap after
{Heap after GC invocations=72 (full 0):
 garbage-first heap   total 557056K, used 242143K [0x0000000080000000, 0x0000000100000000)
  region size 1024K, 17 young (17408K), 17 survivors (17408K)
 Metaspace       used 140311K, committed 142592K, reserved 1179648K
  class space    used 19257K, committed 20416K, reserved 1048576K
}
Event: 54.015 GC heap before
{Heap before GC invocations=73 (full 0):
 garbage-first heap   total 557056K, used 510431K [0x0000000080000000, 0x0000000100000000)
  region size 1024K, 279 young (285696K), 17 survivors (17408K)
 Metaspace       used 140402K, committed 142720K, reserved 1179648K
  class space    used 19257K, committed 20416K, reserved 1048576K
}
Event: 54.034 GC heap after
{Heap after GC invocations=74 (full 0):
 garbage-first heap   total 557056K, used 243598K [0x0000000080000000, 0x0000000100000000)
  region size 1024K, 19 young (19456K), 19 survivors (19456K)
 Metaspace       used 140402K, committed 142720K, reserved 1179648K
  class space    used 19257K, committed 20416K, reserved 1048576K
}
Event: 54.627 GC heap before
{Heap before GC invocations=74 (full 0):
 garbage-first heap   total 557056K, used 507790K [0x0000000080000000, 0x0000000100000000)
  region size 1024K, 277 young (283648K), 19 survivors (19456K)
 Metaspace       used 140720K, committed 143040K, reserved 1179648K
  class space    used 19316K, committed 20480K, reserved 1048576K
}
Event: 54.650 GC heap after
{Heap after GC invocations=75 (full 0):
 garbage-first heap   total 557056K, used 241174K [0x0000000080000000, 0x0000000100000000)
  region size 1024K, 20 young (20480K), 20 survivors (20480K)
 Metaspace       used 140720K, committed 143040K, reserved 1179648K
  class space    used 19316K, committed 20480K, reserved 1048576K
}
Event: 55.141 GC heap before
{Heap before GC invocations=75 (full 0):
 garbage-first heap   total 557056K, used 472598K [0x0000000080000000, 0x0000000100000000)
  region size 1024K, 248 young (253952K), 20 survivors (20480K)
 Metaspace       used 140918K, committed 143232K, reserved 1179648K
  class space    used 19341K, committed 20480K, reserved 1048576K
}
Event: 55.165 GC heap after
{Heap after GC invocations=76 (full 0):
 garbage-first heap   total 557056K, used 244471K [0x0000000080000000, 0x0000000100000000)
  region size 1024K, 13 young (13312K), 13 survivors (13312K)
 Metaspace       used 140918K, committed 143232K, reserved 1179648K
  class space    used 19341K, committed 20480K, reserved 1048576K
}
Event: 55.922 GC heap before
{Heap before GC invocations=77 (full 0):
 garbage-first heap   total 557056K, used 514807K [0x0000000080000000, 0x0000000100000000)
  region size 1024K, 277 young (283648K), 13 survivors (13312K)
 Metaspace       used 141043K, committed 143296K, reserved 1179648K
  class space    used 19345K, committed 20480K, reserved 1048576K
}
Event: 55.947 GC heap after
{Heap after GC invocations=78 (full 0):
 garbage-first heap   total 557056K, used 260331K [0x0000000080000000, 0x0000000100000000)
  region size 1024K, 29 young (29696K), 29 survivors (29696K)
 Metaspace       used 141043K, committed 143296K, reserved 1179648K
  class space    used 19345K, committed 20480K, reserved 1048576K
}
Event: 56.464 GC heap before
{Heap before GC invocations=78 (full 0):
 garbage-first heap   total 557056K, used 496875K [0x0000000080000000, 0x0000000100000000)
  region size 1024K, 261 young (267264K), 29 survivors (29696K)
 Metaspace       used 141108K, committed 143360K, reserved 1179648K
  class space    used 19345K, committed 20480K, reserved 1048576K
}
Event: 56.499 GC heap after
{Heap after GC invocations=79 (full 0):
 garbage-first heap   total 557056K, used 264704K [0x0000000080000000, 0x0000000100000000)
  region size 1024K, 15 young (15360K), 15 survivors (15360K)
 Metaspace       used 141108K, committed 143360K, reserved 1179648K
  class space    used 19345K, committed 20480K, reserved 1048576K
}
Event: 56.961 GC heap before
{Heap before GC invocations=79 (full 0):
 garbage-first heap   total 557056K, used 511488K [0x0000000080000000, 0x0000000100000000)
  region size 1024K, 257 young (263168K), 15 survivors (15360K)
 Metaspace       used 141138K, committed 143424K, reserved 1179648K
  class space    used 19345K, committed 20480K, reserved 1048576K
}
Event: 56.981 GC heap after
{Heap after GC invocations=80 (full 0):
 garbage-first heap   total 557056K, used 279040K [0x0000000080000000, 0x0000000100000000)
  region size 1024K, 29 young (29696K), 29 survivors (29696K)
 Metaspace       used 141138K, committed 143424K, reserved 1179648K
  class space    used 19345K, committed 20480K, reserved 1048576K
}
Event: 57.527 GC heap before
{Heap before GC invocations=80 (full 0):
 garbage-first heap   total 557056K, used 497152K [0x0000000080000000, 0x0000000100000000)
  region size 1024K, 243 young (248832K), 29 survivors (29696K)
 Metaspace       used 141189K, committed 143424K, reserved 1179648K
  class space    used 19353K, committed 20480K, reserved 1048576K
}
Event: 57.557 GC heap after
{Heap after GC invocations=81 (full 0):
 garbage-first heap   total 557056K, used 290188K [0x0000000080000000, 0x0000000100000000)
  region size 1024K, 27 young (27648K), 27 survivors (27648K)
 Metaspace       used 141189K, committed 143424K, reserved 1179648K
  class space    used 19353K, committed 20480K, reserved 1048576K
}
Event: 57.986 GC heap before
{Heap before GC invocations=82 (full 0):
 garbage-first heap   total 557056K, used 499084K [0x0000000080000000, 0x0000000100000000)
  region size 1024K, 232 young (237568K), 27 survivors (27648K)
 Metaspace       used 141230K, committed 143488K, reserved 1179648K
  class space    used 19353K, committed 20480K, reserved 1048576K
}
Event: 58.017 GC heap after
{Heap after GC invocations=83 (full 0):
 garbage-first heap   total 557056K, used 304412K [0x0000000080000000, 0x0000000100000000)
  region size 1024K, 28 young (28672K), 28 survivors (28672K)
 Metaspace       used 141230K, committed 143488K, reserved 1179648K
  class space    used 19353K, committed 20480K, reserved 1048576K
}
Event: 58.386 GC heap before
{Heap before GC invocations=83 (full 0):
 garbage-first heap   total 557056K, used 497948K [0x0000000080000000, 0x0000000100000000)
  region size 1024K, 218 young (223232K), 28 survivors (28672K)
 Metaspace       used 141311K, committed 143552K, reserved 1179648K
  class space    used 19358K, committed 20480K, reserved 1048576K
}
Event: 58.419 GC heap after
{Heap after GC invocations=84 (full 0):
 garbage-first heap   total 557056K, used 312527K [0x0000000080000000, 0x0000000100000000)
  region size 1024K, 28 young (28672K), 28 survivors (28672K)
 Metaspace       used 141311K, committed 143552K, reserved 1179648K
  class space    used 19358K, committed 20480K, reserved 1048576K
}
Event: 58.591 GC heap before
{Heap before GC invocations=84 (full 0):
 garbage-first heap   total 557056K, used 408783K [0x0000000080000000, 0x0000000100000000)
  region size 1024K, 124 young (126976K), 28 survivors (28672K)
 Metaspace       used 141334K, committed 143552K, reserved 1179648K
  class space    used 19361K, committed 20480K, reserved 1048576K
}

Dll operation events (3 events):
Event: 0.025 Loaded shared library C:\Program Files\Android\Android Studio\jbr\bin\java.dll
Event: 0.036 Loaded shared library C:\Program Files\Android\Android Studio\jbr\bin\zip.dll
Event: 1.409 Loaded shared library C:\Program Files\Android\Android Studio\jbr\bin\verify.dll

Deoptimization events (20 events):
Event: 58.497 Thread 0x000001e2254227e0 DEOPT PACKING pc=0x000001e208c4f421 sp=0x0000007b041f9970
Event: 58.497 Thread 0x000001e2254227e0 DEOPT UNPACKING pc=0x000001e20eb04e42 sp=0x0000007b041f8e80 mode 0
Event: 58.511 Thread 0x000001e226e14b60 DEOPT PACKING pc=0x000001e208ef64ca sp=0x0000007b0c0f8e30
Event: 58.511 Thread 0x000001e226e14b60 DEOPT UNPACKING pc=0x000001e20eb04e42 sp=0x0000007b0c0f82c0 mode 0
Event: 58.514 Thread 0x000001e226e14b60 DEOPT PACKING pc=0x000001e208ef64ca sp=0x0000007b0c0f8e30
Event: 58.515 Thread 0x000001e226e14b60 DEOPT UNPACKING pc=0x000001e20eb04e42 sp=0x0000007b0c0f82c0 mode 0
Event: 58.518 Thread 0x000001e226e11d70 DEOPT PACKING pc=0x000001e2091c7dd6 sp=0x0000007b0c1f9ca0
Event: 58.518 Thread 0x000001e226e11d70 DEOPT UNPACKING pc=0x000001e20eb04e42 sp=0x0000007b0c1f9348 mode 0
Event: 58.519 Thread 0x000001e226e14b60 DEOPT PACKING pc=0x000001e208ef64ca sp=0x0000007b0c0f8e30
Event: 58.519 Thread 0x000001e226e14b60 DEOPT UNPACKING pc=0x000001e20eb04e42 sp=0x0000007b0c0f82c0 mode 0
Event: 58.526 Thread 0x000001e226c32e60 DEOPT PACKING pc=0x000001e208c4f442 sp=0x0000007b067f7470
Event: 58.526 Thread 0x000001e226c32e60 DEOPT UNPACKING pc=0x000001e20eb04e42 sp=0x0000007b067f6980 mode 0
Event: 58.530 Thread 0x000001e226c32e60 DEOPT PACKING pc=0x000001e2082dfe20 sp=0x0000007b067f73a0
Event: 58.530 Thread 0x000001e226c32e60 DEOPT UNPACKING pc=0x000001e20eb04e42 sp=0x0000007b067f6980 mode 0
Event: 58.534 Thread 0x000001e225423b90 DEOPT PACKING pc=0x000001e208ef64ca sp=0x0000007b03ef8f40
Event: 58.534 Thread 0x000001e225423b90 DEOPT UNPACKING pc=0x000001e20eb04e42 sp=0x0000007b03ef83d0 mode 0
Event: 58.540 Thread 0x000001e226c32e60 DEOPT PACKING pc=0x000001e208c4f421 sp=0x0000007b067f74f0
Event: 58.540 Thread 0x000001e226c32e60 DEOPT UNPACKING pc=0x000001e20eb04e42 sp=0x0000007b067f6a00 mode 0
Event: 58.572 Thread 0x000001e226c32e60 DEOPT PACKING pc=0x000001e2095fe0f5 sp=0x0000007b067f7a10
Event: 58.572 Thread 0x000001e226c32e60 DEOPT UNPACKING pc=0x000001e20eb04e42 sp=0x0000007b067f72b8 mode 0

Classes loaded (20 events):
Event: 46.908 Loading class java/util/stream/SliceOps$1$1
Event: 46.909 Loading class java/util/stream/SliceOps$1$1 done
Event: 46.966 Loading class java/util/IdentityHashMap$ValueIterator
Event: 46.966 Loading class java/util/IdentityHashMap$ValueIterator done
Event: 48.301 Loading class java/util/concurrent/ConcurrentHashMap$TreeNode
Event: 48.302 Loading class java/util/concurrent/ConcurrentHashMap$TreeNode done
Event: 48.302 Loading class java/util/concurrent/ConcurrentHashMap$TreeBin
Event: 48.303 Loading class java/util/concurrent/ConcurrentHashMap$TreeBin done
Event: 50.835 Loading class java/nio/ShortBuffer
Event: 50.836 Loading class java/nio/ShortBuffer done
Event: 51.162 Loading class java/nio/ByteBufferAsShortBufferL
Event: 51.163 Loading class java/nio/ByteBufferAsShortBufferL done
Event: 51.258 Loading class java/util/zip/Adler32
Event: 51.259 Loading class java/util/zip/Adler32 done
Event: 51.595 Loading class java/nio/file/Files$2
Event: 51.595 Loading class java/nio/file/Files$2 done
Event: 51.830 Loading class java/nio/file/StandardCopyOption
Event: 51.830 Loading class java/nio/file/StandardCopyOption done
Event: 51.831 Loading class sun/nio/fs/WindowsFileCopy
Event: 51.832 Loading class sun/nio/fs/WindowsFileCopy done

Classes unloaded (20 events):
Event: 51.285 Thread 0x000001e21bf230a0 Unloading class 0x00000001012a5000 'java/lang/invoke/LambdaForm$DMH+0x00000001012a5000'
Event: 51.285 Thread 0x000001e21bf230a0 Unloading class 0x00000001012a4800 'java/lang/invoke/LambdaForm$DMH+0x00000001012a4800'
Event: 51.285 Thread 0x000001e21bf230a0 Unloading class 0x00000001012a4c00 'java/lang/invoke/LambdaForm$DMH+0x00000001012a4c00'
Event: 51.285 Thread 0x000001e21bf230a0 Unloading class 0x00000001012a4000 'java/lang/invoke/LambdaForm$DMH+0x00000001012a4000'
Event: 51.285 Thread 0x000001e21bf230a0 Unloading class 0x000000010126d800 'java/lang/invoke/LambdaForm$DMH+0x000000010126d800'
Event: 51.285 Thread 0x000001e21bf230a0 Unloading class 0x000000010126d000 'java/lang/invoke/LambdaForm$DMH+0x000000010126d000'
Event: 51.285 Thread 0x000001e21bf230a0 Unloading class 0x000000010126c800 'java/lang/invoke/LambdaForm$DMH+0x000000010126c800'
Event: 51.285 Thread 0x000001e21bf230a0 Unloading class 0x000000010126cc00 'java/lang/invoke/LambdaForm$DMH+0x000000010126cc00'
Event: 51.285 Thread 0x000001e21bf230a0 Unloading class 0x000000010126c400 'java/lang/invoke/LambdaForm$DMH+0x000000010126c400'
Event: 51.285 Thread 0x000001e21bf230a0 Unloading class 0x0000000101208c00 'java/lang/invoke/LambdaForm$DMH+0x0000000101208c00'
Event: 51.285 Thread 0x000001e21bf230a0 Unloading class 0x0000000101209800 'java/lang/invoke/LambdaForm$DMH+0x0000000101209800'
Event: 51.285 Thread 0x000001e21bf230a0 Unloading class 0x0000000101209000 'java/lang/invoke/LambdaForm$DMH+0x0000000101209000'
Event: 51.285 Thread 0x000001e21bf230a0 Unloading class 0x0000000101209400 'java/lang/invoke/LambdaForm$DMH+0x0000000101209400'
Event: 51.285 Thread 0x000001e21bf230a0 Unloading class 0x0000000101208800 'java/lang/invoke/LambdaForm$DMH+0x0000000101208800'
Event: 51.285 Thread 0x000001e21bf230a0 Unloading class 0x0000000101208400 'java/lang/invoke/LambdaForm$DMH+0x0000000101208400'
Event: 51.285 Thread 0x000001e21bf230a0 Unloading class 0x0000000101209c00 'java/lang/invoke/LambdaForm$DMH+0x0000000101209c00'
Event: 57.368 Thread 0x000001e21bf230a0 Unloading class 0x0000000101334c00 'java/lang/invoke/LambdaForm$DMH+0x0000000101334c00'
Event: 57.368 Thread 0x000001e21bf230a0 Unloading class 0x0000000101334400 'java/lang/invoke/LambdaForm$DMH+0x0000000101334400'
Event: 57.368 Thread 0x000001e21bf230a0 Unloading class 0x0000000101334800 'java/lang/invoke/LambdaForm$DMH+0x0000000101334800'
Event: 57.368 Thread 0x000001e21bf230a0 Unloading class 0x0000000101304400 'java/lang/invoke/LambdaForm$DMH+0x0000000101304400'

Classes redefined (0 events):
No events

Internal exceptions (20 events):
Event: 49.361 Thread 0x000001e226e12a90 Exception <a 'java/lang/NoSuchMethodError'{0x0000000096c5cfd0}: 'void java.lang.invoke.DirectMethodHandle$Holder.invokeSpecial(java.lang.Object, java.lang.Object, java.lang.Object, int, java.lang.Object, java.lang.Object, java.lang.Object, java.lang.Object)'> (0x0000000096c5cfd0) 
thrown [s\src\hotspot\share\interpreter\linkResolver.cpp, line 784]
Event: 49.391 Thread 0x000001e226e12a90 Exception <a 'java/lang/NoSuchMethodError'{0x00000000954ecfe0}: 'void java.lang.invoke.DirectMethodHandle$Holder.invokeStatic(java.lang.Object, java.lang.Object, java.lang.Object, java.lang.Object, java.lang.Object, java.lang.Object, java.lang.Object, java.lang.Object)'> (0x00000000954ecfe0) 
thrown [s\src\hotspot\share\interpreter\linkResolver.cpp, line 784]
Event: 50.342 Thread 0x000001e225423500 Exception <a 'java/lang/IncompatibleClassChangeError'{0x0000000099ca5a60}: Found class java.lang.Object, but interface was expected> (0x0000000099ca5a60) 
thrown [s\src\hotspot\share\interpreter\linkResolver.cpp, line 851]
Event: 50.603 Thread 0x000001e226e12a90 Exception <a 'java/lang/IncompatibleClassChangeError'{0x000000009753f9b8}: Found class java.lang.Object, but interface was expected> (0x000000009753f9b8) 
thrown [s\src\hotspot\share\interpreter\linkResolver.cpp, line 851]
Event: 51.601 Thread 0x000001e226e12a90 Exception <a 'sun/nio/fs/WindowsException'{0x000000009996fe20}> (0x000000009996fe20) 
thrown [s\src\hotspot\share\prims\jni.cpp, line 535]
Event: 51.776 Thread 0x000001e2254227e0 Exception <a 'sun/nio/fs/WindowsException'{0x00000000978a7f48}> (0x00000000978a7f48) 
thrown [s\src\hotspot\share\prims\jni.cpp, line 535]
Event: 52.980 Thread 0x000001e2254227e0 Exception <a 'sun/nio/fs/WindowsException'{0x00000000999e7558}> (0x00000000999e7558) 
thrown [s\src\hotspot\share\prims\jni.cpp, line 535]
Event: 53.030 Thread 0x000001e226e12a90 Exception <a 'sun/nio/fs/WindowsException'{0x0000000096404c20}> (0x0000000096404c20) 
thrown [s\src\hotspot\share\prims\jni.cpp, line 535]
Event: 54.002 Thread 0x000001e2254227e0 Exception <a 'sun/nio/fs/WindowsException'{0x0000000092444b48}> (0x0000000092444b48) 
thrown [s\src\hotspot\share\prims\jni.cpp, line 535]
Event: 54.500 Thread 0x000001e225423b90 Implicit null exception at 0x000001e20f36fe7d to 0x000001e20f36ffe4
Event: 54.504 Thread 0x000001e226e12a90 Exception <a 'sun/nio/fs/WindowsException'{0x0000000094690050}> (0x0000000094690050) 
thrown [s\src\hotspot\share\prims\jni.cpp, line 535]
Event: 54.657 Thread 0x000001e225423b90 Implicit null exception at 0x000001e20f90877d to 0x000001e20f9088ac
Event: 54.693 Thread 0x000001e226e12a90 Exception <a 'sun/nio/fs/WindowsException'{0x00000000a1050848}> (0x00000000a1050848) 
thrown [s\src\hotspot\share\prims\jni.cpp, line 535]
Event: 55.228 Thread 0x000001e225423b90 Exception <a 'sun/nio/fs/WindowsException'{0x00000000a1c4e730}> (0x00000000a1c4e730) 
thrown [s\src\hotspot\share\prims\jni.cpp, line 535]
Event: 55.872 Thread 0x000001e226e14b60 Exception <a 'sun/nio/fs/WindowsException'{0x00000000941e8eb0}> (0x00000000941e8eb0) 
thrown [s\src\hotspot\share\prims\jni.cpp, line 535]
Event: 56.002 Thread 0x000001e226e12a90 Exception <a 'sun/nio/fs/WindowsException'{0x00000000a0de8858}> (0x00000000a0de8858) 
thrown [s\src\hotspot\share\prims\jni.cpp, line 535]
Event: 56.172 Thread 0x000001e2254227e0 Exception <a 'sun/nio/fs/WindowsException'{0x000000009cfc9968}> (0x000000009cfc9968) 
thrown [s\src\hotspot\share\prims\jni.cpp, line 535]
Event: 56.520 Thread 0x000001e226e14b60 Exception <a 'sun/nio/fs/WindowsException'{0x00000000a160d878}> (0x00000000a160d878) 
thrown [s\src\hotspot\share\prims\jni.cpp, line 535]
Event: 57.113 Thread 0x000001e225423b90 Exception <a 'java/lang/NoSuchMethodError'{0x000000009ef4f818}: 'void java.lang.invoke.DirectMethodHandle$Holder.invokeSpecialIFC(java.lang.Object, java.lang.Object, java.lang.Object, java.lang.Object)'> (0x000000009ef4f818) 
thrown [s\src\hotspot\share\interpreter\linkResolver.cpp, line 784]
Event: 58.257 Thread 0x000001e226e144d0 Implicit null exception at 0x000001e20f8559f8 to 0x000001e20f856358

ZGC Phase Switch (0 events):
No events

VM Operations (20 events):
Event: 55.801 Executing VM operation: HandshakeAllThreads (Deoptimize) done
Event: 55.801 Executing VM operation: G1PauseCleanup
Event: 55.803 Executing VM operation: G1PauseCleanup done
Event: 55.922 Executing VM operation: G1CollectForAllocation (G1 Evacuation Pause)
Event: 55.948 Executing VM operation: G1CollectForAllocation (G1 Evacuation Pause) done
Event: 56.463 Executing VM operation: G1CollectForAllocation (G1 Evacuation Pause)
Event: 56.499 Executing VM operation: G1CollectForAllocation (G1 Evacuation Pause) done
Event: 56.960 Executing VM operation: G1CollectForAllocation (G1 Evacuation Pause)
Event: 56.981 Executing VM operation: G1CollectForAllocation (G1 Evacuation Pause) done
Event: 57.366 Executing VM operation: G1PauseRemark
Event: 57.392 Executing VM operation: G1PauseRemark done
Event: 57.527 Executing VM operation: G1CollectForAllocation (G1 Evacuation Pause)
Event: 57.558 Executing VM operation: G1CollectForAllocation (G1 Evacuation Pause) done
Event: 57.745 Executing VM operation: G1PauseCleanup
Event: 57.746 Executing VM operation: G1PauseCleanup done
Event: 57.986 Executing VM operation: G1CollectForAllocation (G1 Evacuation Pause)
Event: 58.017 Executing VM operation: G1CollectForAllocation (G1 Evacuation Pause) done
Event: 58.386 Executing VM operation: G1CollectForAllocation (G1 Evacuation Pause)
Event: 58.419 Executing VM operation: G1CollectForAllocation (G1 Evacuation Pause) done
Event: 58.590 Executing VM operation: G1TryInitiateConcMark (G1 Humongous Allocation)

Memory protections (0 events):
No events

Nmethod flushes (20 events):
Event: 57.390 Thread 0x000001e21bf230a0 flushing  nmethod 0x000001e208c94b90
Event: 57.390 Thread 0x000001e21bf230a0 flushing  nmethod 0x000001e208c95310
Event: 57.390 Thread 0x000001e21bf230a0 flushing  nmethod 0x000001e208d9d310
Event: 57.390 Thread 0x000001e21bf230a0 flushing  nmethod 0x000001e208d9d810
Event: 57.390 Thread 0x000001e21bf230a0 flushing  nmethod 0x000001e208d9e110
Event: 57.390 Thread 0x000001e21bf230a0 flushing  nmethod 0x000001e208d9e510
Event: 57.390 Thread 0x000001e21bf230a0 flushing  nmethod 0x000001e208de2790
Event: 57.390 Thread 0x000001e21bf230a0 flushing  nmethod 0x000001e208f51390
Event: 57.390 Thread 0x000001e21bf230a0 flushing  nmethod 0x000001e2094acc90
Event: 57.390 Thread 0x000001e21bf230a0 flushing  nmethod 0x000001e209520d90
Event: 57.390 Thread 0x000001e21bf230a0 flushing  nmethod 0x000001e209521110
Event: 57.390 Thread 0x000001e21bf230a0 flushing  nmethod 0x000001e209529390
Event: 57.390 Thread 0x000001e21bf230a0 flushing  nmethod 0x000001e2096e1a10
Event: 57.390 Thread 0x000001e21bf230a0 flushing  nmethod 0x000001e2096e1e90
Event: 57.390 Thread 0x000001e21bf230a0 flushing  nmethod 0x000001e20970c890
Event: 57.390 Thread 0x000001e21bf230a0 flushing  nmethod 0x000001e20970dd10
Event: 57.390 Thread 0x000001e21bf230a0 flushing  nmethod 0x000001e209712910
Event: 57.390 Thread 0x000001e21bf230a0 flushing  nmethod 0x000001e209712e90
Event: 57.390 Thread 0x000001e21bf230a0 flushing  nmethod 0x000001e209713990
Event: 57.390 Thread 0x000001e21bf230a0 flushing  nmethod 0x000001e209713d10

Events (20 events):
Event: 41.751 Thread 0x000001e226c32e60 Thread added: 0x000001e223e73900
Event: 41.754 Thread 0x000001e226c32e60 Thread added: 0x000001e223e70b10
Event: 41.755 Thread 0x000001e226c32e60 Thread added: 0x000001e223e72550
Event: 41.756 Thread 0x000001e226c32e60 Thread added: 0x000001e223e74620
Event: 41.757 Thread 0x000001e226c32e60 Thread added: 0x000001e223e74cb0
Event: 41.758 Thread 0x000001e226c32e60 Thread added: 0x000001e223e71830
Event: 41.784 Thread 0x000001e21c0ab020 Thread added: 0x000001e222afc5d0
Event: 42.612 Thread 0x000001e222afc5d0 Thread exited: 0x000001e222afc5d0
Event: 42.691 Thread 0x000001e226c32e60 Thread added: 0x000001e223e7f750
Event: 42.691 Thread 0x000001e226c32e60 Thread added: 0x000001e225f35340
Event: 42.692 Thread 0x000001e226c32e60 Thread added: 0x000001e226e144d0
Event: 42.693 Thread 0x000001e226c32e60 Thread added: 0x000001e226e12a90
Event: 42.693 Thread 0x000001e226c32e60 Thread added: 0x000001e226e14b60
Event: 42.694 Thread 0x000001e226c32e60 Thread added: 0x000001e226e11d70
Event: 42.695 Thread 0x000001e226c32e60 Thread added: 0x000001e226e13e40
Event: 42.820 Thread 0x000001e21c0b3ac0 Thread added: 0x000001e222afc5d0
Event: 43.695 Thread 0x000001e222afc5d0 Thread exited: 0x000001e222afc5d0
Event: 43.951 Thread 0x000001e2272188e0 Thread exited: 0x000001e2272188e0
Event: 44.175 Thread 0x000001e21c0b3ac0 Thread added: 0x000001e222afc5d0
Event: 44.183 Thread 0x000001e21c0b3ac0 Thread added: 0x000001e222afd370


Dynamic libraries:
0x00007ff71d9c0000 - 0x00007ff71d9ca000 	C:\Program Files\Android\Android Studio\jbr\bin\java.exe
0x00007ffdae5a0000 - 0x00007ffdae807000 	C:\WINDOWS\SYSTEM32\ntdll.dll
0x00007ffdacd60000 - 0x00007ffdace29000 	C:\WINDOWS\System32\KERNEL32.DLL
0x00007ffdab8f0000 - 0x00007ffdabce1000 	C:\WINDOWS\System32\KERNELBASE.dll
0x00007ffdabfd0000 - 0x00007ffdac11b000 	C:\WINDOWS\System32\ucrtbase.dll
0x00007ffda6500000 - 0x00007ffda651b000 	C:\Program Files\Android\Android Studio\jbr\bin\VCRUNTIME140.dll
0x00007ffd9e0f0000 - 0x00007ffd9e108000 	C:\Program Files\Android\Android Studio\jbr\bin\jli.dll
0x00007ffdace30000 - 0x00007ffdacff5000 	C:\WINDOWS\System32\USER32.dll
0x00007ffdabe70000 - 0x00007ffdabe97000 	C:\WINDOWS\System32\win32u.dll
0x00007ffd9ace0000 - 0x00007ffd9af73000 	C:\WINDOWS\WinSxS\amd64_microsoft.windows.common-controls_6595b64144ccf1df_6.0.26100.8037_none_3e092faae333b53b\COMCTL32.dll
0x00007ffdae420000 - 0x00007ffdae44b000 	C:\WINDOWS\System32\GDI32.dll
0x00007ffdad000000 - 0x00007ffdad0a9000 	C:\WINDOWS\System32\msvcrt.dll
0x00007ffdabea0000 - 0x00007ffdabfcb000 	C:\WINDOWS\System32\gdi32full.dll
0x00007ffdac120000 - 0x00007ffdac1c3000 	C:\WINDOWS\System32\msvcp_win.dll
0x00007ffdae510000 - 0x00007ffdae541000 	C:\WINDOWS\System32\IMM32.DLL
0x00007ffda85e0000 - 0x00007ffda85ec000 	C:\Program Files\Android\Android Studio\jbr\bin\vcruntime140_1.dll
0x00007ffd9d360000 - 0x00007ffd9d3ed000 	C:\Program Files\Android\Android Studio\jbr\bin\msvcp140.dll
0x00007ffcd7d40000 - 0x00007ffcd89cb000 	C:\Program Files\Android\Android Studio\jbr\bin\server\jvm.dll
0x00007ffdae450000 - 0x00007ffdae50b000 	C:\WINDOWS\System32\ADVAPI32.dll
0x00007ffdac750000 - 0x00007ffdac7f7000 	C:\WINDOWS\System32\sechost.dll
0x00007ffdacc40000 - 0x00007ffdacd58000 	C:\WINDOWS\System32\RPCRT4.dll
0x00007ffdac9e0000 - 0x00007ffdaca54000 	C:\WINDOWS\System32\WS2_32.dll
0x00007ffdaace0000 - 0x00007ffdaad3e000 	C:\WINDOWS\SYSTEM32\POWRPROF.dll
0x00007ffda4750000 - 0x00007ffda475b000 	C:\WINDOWS\SYSTEM32\VERSION.dll
0x00007ffda4710000 - 0x00007ffda4745000 	C:\WINDOWS\SYSTEM32\WINMM.dll
0x00007ffdaacc0000 - 0x00007ffdaacd4000 	C:\WINDOWS\SYSTEM32\UMPDC.dll
0x00007ffda9c10000 - 0x00007ffda9c2b000 	C:\WINDOWS\SYSTEM32\kernel.appcore.dll
0x00007ffda1690000 - 0x00007ffda169a000 	C:\Program Files\Android\Android Studio\jbr\bin\jimage.dll
0x00007ffd9e640000 - 0x00007ffd9e882000 	C:\WINDOWS\SYSTEM32\DBGHELP.DLL
0x00007ffdac340000 - 0x00007ffdac6c2000 	C:\WINDOWS\System32\combase.dll
0x00007ffdad3d0000 - 0x00007ffdad4a7000 	C:\WINDOWS\System32\OLEAUT32.dll
0x00007ffd8fd90000 - 0x00007ffd8fdcb000 	C:\WINDOWS\SYSTEM32\dbgcore.DLL
0x00007ffdac1d0000 - 0x00007ffdac275000 	C:\WINDOWS\System32\bcryptPrimitives.dll
0x00007ffda1610000 - 0x00007ffda161e000 	C:\Program Files\Android\Android Studio\jbr\bin\instrument.dll
0x00007ffd9b370000 - 0x00007ffd9b390000 	C:\Program Files\Android\Android Studio\jbr\bin\java.dll
0x00007ffd9a850000 - 0x00007ffd9a868000 	C:\Program Files\Android\Android Studio\jbr\bin\zip.dll
0x00007ffdadc40000 - 0x00007ffdae39f000 	C:\WINDOWS\System32\SHELL32.dll
0x00007ffdaae80000 - 0x00007ffdaafea000 	C:\WINDOWS\System32\wintypes.dll
0x00007ffdab080000 - 0x00007ffdab8e4000 	C:\WINDOWS\System32\windows.storage.dll
0x00007ffdad240000 - 0x00007ffdad337000 	C:\WINDOWS\System32\SHCORE.dll
0x00007ffdae3b0000 - 0x00007ffdae417000 	C:\WINDOWS\System32\shlwapi.dll
0x00007ffdaada0000 - 0x00007ffdaadc9000 	C:\WINDOWS\SYSTEM32\profapi.dll
0x00007ffda1680000 - 0x00007ffda1690000 	C:\Program Files\Android\Android Studio\jbr\bin\net.dll
0x00007ffda21a0000 - 0x00007ffda22c7000 	C:\WINDOWS\SYSTEM32\WINHTTP.dll
0x00007ffdaa180000 - 0x00007ffdaa1eb000 	C:\WINDOWS\system32\mswsock.dll
0x00007ffd97710000 - 0x00007ffd97726000 	C:\Program Files\Android\Android Studio\jbr\bin\nio.dll
0x00007ffd9a880000 - 0x00007ffd9a890000 	C:\Program Files\Android\Android Studio\jbr\bin\verify.dll
0x00007ffd7a200000 - 0x00007ffd7a227000 	C:\Users\Acer\.gradle\native\c067742578af261105cb4f569cf0c3c89f3d7b1fecec35dd04571415982c5e48\windows-amd64\native-platform.dll
0x00007ffd5fd50000 - 0x00007ffd5fe94000 	C:\Users\Acer\.gradle\native\100fb08df4bc3b14c8652ba06237920a3bd2aa13389f12d3474272988ae205f9\windows-amd64\native-platform-file-events.dll
0x00007ffd9d320000 - 0x00007ffd9d329000 	C:\Program Files\Android\Android Studio\jbr\bin\management.dll
0x00007ffd9b360000 - 0x00007ffd9b36b000 	C:\Program Files\Android\Android Studio\jbr\bin\management_ext.dll
0x00007ffdae550000 - 0x00007ffdae558000 	C:\WINDOWS\System32\PSAPI.DLL
0x00007ffdaa460000 - 0x00007ffdaa47b000 	C:\WINDOWS\SYSTEM32\CRYPTSP.dll
0x00007ffda9b70000 - 0x00007ffda9ba9000 	C:\WINDOWS\system32\rsaenh.dll
0x00007ffdaa230000 - 0x00007ffdaa262000 	C:\WINDOWS\SYSTEM32\USERENV.dll
0x00007ffdaad70000 - 0x00007ffdaad9a000 	C:\WINDOWS\SYSTEM32\bcrypt.dll
0x00007ffdaa480000 - 0x00007ffdaa48c000 	C:\WINDOWS\SYSTEM32\CRYPTBASE.dll
0x00007ffda9600000 - 0x00007ffda9633000 	C:\WINDOWS\SYSTEM32\IPHLPAPI.DLL
0x00007ffdac9c0000 - 0x00007ffdac9ca000 	C:\WINDOWS\System32\NSI.dll
0x00007ffd9f300000 - 0x00007ffd9f309000 	C:\Program Files\Android\Android Studio\jbr\bin\extnet.dll
0x00007ffd9b450000 - 0x00007ffd9b458000 	C:\WINDOWS\system32\wshunix.dll
0x00007ffd8cfe0000 - 0x00007ffd8cff8000 	C:\WINDOWS\system32\napinsp.dll
0x00007ffda9640000 - 0x00007ffda976a000 	C:\WINDOWS\SYSTEM32\DNSAPI.dll
0x00007ffd8b950000 - 0x00007ffd8b962000 	C:\WINDOWS\System32\winrnr.dll
0x00007ffd8b920000 - 0x00007ffd8b942000 	C:\WINDOWS\system32\nlansp_c.dll
0x00007ffda01b0000 - 0x00007ffda01c6000 	C:\WINDOWS\system32\wshbth.dll
0x00007ffda0a70000 - 0x00007ffda0a7b000 	C:\Windows\System32\rasadhlp.dll
0x00007ffda4680000 - 0x00007ffda4706000 	C:\WINDOWS\System32\fwpuclnt.dll

dbghelp: loaded successfully - version: 4.0.5 - missing functions: none
symbol engine: initialized successfully - sym options: 0x614 - pdb path: .;C:\Program Files\Android\Android Studio\jbr\bin;C:\WINDOWS\SYSTEM32;C:\WINDOWS\WinSxS\amd64_microsoft.windows.common-controls_6595b64144ccf1df_6.0.26100.8037_none_3e092faae333b53b;C:\Program Files\Android\Android Studio\jbr\bin\server;C:\Users\Acer\.gradle\native\c067742578af261105cb4f569cf0c3c89f3d7b1fecec35dd04571415982c5e48\windows-amd64;C:\Users\Acer\.gradle\native\100fb08df4bc3b14c8652ba06237920a3bd2aa13389f12d3474272988ae205f9\windows-amd64

VM Arguments:
jvm_args: --add-opens=java.base/java.lang=ALL-UNNAMED --add-opens=java.base/java.lang.invoke=ALL-UNNAMED --add-opens=java.base/java.util=ALL-UNNAMED --add-opens=java.prefs/java.util.prefs=ALL-UNNAMED --add-exports=jdk.compiler/com.sun.tools.javac.api=ALL-UNNAMED --add-exports=jdk.compiler/com.sun.tools.javac.util=ALL-UNNAMED --add-opens=java.base/java.util=ALL-UNNAMED --add-opens=java.prefs/java.util.prefs=ALL-UNNAMED --add-opens=java.base/java.nio.charset=ALL-UNNAMED --add-opens=java.base/java.net=ALL-UNNAMED --add-opens=java.base/java.util.concurrent.atomic=ALL-UNNAMED --add-opens=java.xml/javax.xml.namespace=ALL-UNNAMED -Xmx2048m -Dfile.encoding=UTF-8 -Duser.country=US -Duser.language=en -Duser.variant -javaagent:C:\Users\Acer\.gradle\wrapper\dists\gradle-8.11.1-bin\bpt9gzteqjrbo1mjrsomdt32c\gradle-8.11.1\lib\agents\gradle-instrumentation-agent-8.11.1.jar 
java_command: org.gradle.launcher.daemon.bootstrap.GradleDaemon 8.11.1
java_class_path (initial): C:\Users\Acer\.gradle\wrapper\dists\gradle-8.11.1-bin\bpt9gzteqjrbo1mjrsomdt32c\gradle-8.11.1\lib\gradle-daemon-main-8.11.1.jar
Launcher Type: SUN_STANDARD

[Global flags]
     intx CICompilerCount                          = 4                                         {product} {ergonomic}
     uint ConcGCThreads                            = 3                                         {product} {ergonomic}
     uint G1ConcRefinementThreads                  = 10                                        {product} {ergonomic}
   size_t G1HeapRegionSize                         = 1048576                                   {product} {ergonomic}
    uintx GCDrainStackTargetSize                   = 64                                        {product} {ergonomic}
   size_t InitialHeapSize                          = 257949696                                 {product} {ergonomic}
   size_t MarkStackSize                            = 4194304                                   {product} {ergonomic}
   size_t MaxHeapSize                              = 2147483648                                {product} {command line}
   size_t MaxNewSize                               = 1287651328                                {product} {ergonomic}
   size_t MinHeapDeltaBytes                        = 1048576                                   {product} {ergonomic}
   size_t MinHeapSize                              = 8388608                                   {product} {ergonomic}
    uintx NonNMethodCodeHeapSize                   = 5839372                                {pd product} {ergonomic}
    uintx NonProfiledCodeHeapSize                  = 122909434                              {pd product} {ergonomic}
    uintx ProfiledCodeHeapSize                     = 122909434                              {pd product} {ergonomic}
    uintx ReservedCodeCacheSize                    = 251658240                              {pd product} {ergonomic}
     bool SegmentedCodeCache                       = true                                      {product} {ergonomic}
   size_t SoftMaxHeapSize                          = 2147483648                             {manageable} {ergonomic}
     bool UseCompressedOops                        = true                           {product lp64_product} {ergonomic}
     bool UseG1GC                                  = true                                      {product} {ergonomic}
     bool UseLargePagesIndividualAllocation        = false                                  {pd product} {ergonomic}

Logging:
Log output configuration:
 #0: stdout all=warning uptime,level,tags foldmultilines=false
 #1: stderr all=off uptime,level,tags foldmultilines=false

Environment Variables:
JAVA_HOME=C:\Program Files\Java\jdk-23
PATH=C:\Program Files\Common Files\Oracle\Java\javapath;C:\WINDOWS\system32;C:\WINDOWS;C:\WINDOWS\System32\Wbem;C:\WINDOWS\System32\WindowsPowerShell\v1.0\;C:\WINDOWS\System32\OpenSSH\;C:\Program Files\Java\jdk-23\bin;C:\msys64\ucrt64\bin;C:\Program Files\Git\cmd;C:\Program Files\nodejs\;C:\Program Files\MySQL\MySQL Shell 8.0\bin\;C:\Users\Acer\AppData\Local\Programs\Python\Python312\Scripts\;C:\Users\Acer\AppData\Local\Programs\Python\Python312\;C:\Users\Acer\AppData\Local\Microsoft\WindowsApps;C:\Users\Acer\AppData\Local\JetBrains\Toolbox\scripts;C:\Users\Acer\AppData\Local\Programs\Microsoft VS Code\bin;C:\msys64\ucrt64\bin;C:\Program Files\Java\jdk-23\bin;;C:\Users\Acer\AppData\Local\Microsoft\WindowsApps;C:\Program Files\JetBrains\IntelliJ IDEA 2025.1\bin;;C:\Users\Acer\AppData\Roaming\npm;C:\Users\Acer\AppData\Local\Programs\Antigravity\bin;C:\Users\Acer\AppData\Local\Programs\cursor\resources\app\bin
USERNAME=Acer
OS=Windows_NT
PROCESSOR_IDENTIFIER=AMD64 Family 23 Model 104 Stepping 1, AuthenticAMD
TMP=C:\Users\Acer\AppData\Local\Temp
TEMP=C:\Users\Acer\AppData\Local\Temp




Periodic native trim disabled

JNI global refs:
JNI global refs: 30, weak refs: 292

JNI global refs memory usage: 835, weak refs: 3361

Process memory usage:
Resident Set Size: 978436K (6% of 16085044K total physical memory with 1672232K free physical memory)

OOME stack traces (most recent first):
Classloader memory used:
Loader org.gradle.internal.classloader.VisitableURLClassLoader$InstrumentingVisitableURLClassLoader: 56363K
Loader org.gradle.internal.classloader.VisitableURLClassLoader                         : 41866K
Loader bootstrap                                                                       : 29818K
Loader org.gradle.initialization.MixInLegacyTypesClassLoader                           : 11939K
Loader jdk.internal.loader.ClassLoaders$PlatformClassLoader                            : 506K
Loader jdk.internal.reflect.DelegatingClassLoader                                      : 365K
Loader org.gradle.internal.classloader.VisitableURLClassLoader                         : 240K
Loader jdk.internal.loader.ClassLoaders$AppClassLoader                                 : 234K

Classes loaded by more than one classloader:
Class Program                                                                         : loaded 5 times (x 68B)
Class Build_gradle                                                                    : loaded 3 times (x 126B)
Class Build_gradle$1                                                                  : loaded 3 times (x 70B)
Class org.gradle.internal.classloader.FilteringClassLoader                            : loaded 2 times (x 101B)
Class [Lcom.google.common.base.AbstractIterator$State;                                : loaded 2 times (x 65B)
Class com.google.common.base.CharMatcher$IsEither                                     : loaded 2 times (x 107B)
Class org.gradle.internal.classloader.ClassLoaderHierarchy                            : loaded 2 times (x 66B)
Class com.google.common.collect.ImmutableEnumSet                                      : loaded 2 times (x 142B)
Class com.google.common.util.concurrent.ExecutionError                                : loaded 2 times (x 78B)
Class com.google.common.collect.ImmutableList$1                                       : loaded 2 times (x 93B)
Class org.gradle.api.internal.classpath.ManifestUtil                                  : loaded 2 times (x 67B)
Class com.google.common.io.ByteArrayDataOutput                                        : loaded 2 times (x 66B)
Class com.google.common.collect.RegularImmutableMap                                   : loaded 2 times (x 117B)
Class com.google.common.collect.ImmutableMap$MapViewOfValuesAsSingletonSets           : loaded 2 times (x 121B)
Class [Lorg.objectweb.asm.Symbol;                                                     : loaded 2 times (x 65B)
Class org.objectweb.asm.ClassVisitor                                                  : loaded 2 times (x 84B)
Class com.google.common.collect.UnmodifiableListIterator                              : loaded 2 times (x 91B)
Class com.google.common.base.Platform$JdkPatternCompiler                              : loaded 2 times (x 71B)
Class org.objectweb.asm.MethodTooLargeException                                       : loaded 2 times (x 79B)
Class [Lcom.google.common.cache.CacheBuilder$OneWeigher;                              : loaded 2 times (x 65B)
Class com.google.common.base.Suppliers                                                : loaded 2 times (x 67B)
Class org.gradle.internal.classloader.DefaultClassLoaderFactory                       : loaded 2 times (x 78B)
Class com.google.common.base.CharMatcher$None                                         : loaded 2 times (x 108B)
Class org.gradle.internal.classloader.ClassLoaderVisitor                              : loaded 2 times (x 72B)
Class [Lcom.google.common.collect.ImmutableMapEntry;                                  : loaded 2 times (x 65B)
Class org.gradle.api.internal.classpath.EffectiveClassPath                            : loaded 2 times (x 86B)
Class com.google.common.collect.ImmutableRangeSet                                     : loaded 2 times (x 111B)
Class com.google.common.collect.ImmutableEnumMap                                      : loaded 2 times (x 121B)
Class com.google.common.collect.ListMultimap                                          : loaded 2 times (x 66B)
Class com.google.common.collect.Sets$1                                                : loaded 2 times (x 135B)
Class org.objectweb.asm.AnnotationVisitor                                             : loaded 2 times (x 74B)
Class com.google.common.base.Splitter                                                 : loaded 2 times (x 68B)
Class org.gradle.api.internal.DefaultClassPathProvider                                : loaded 2 times (x 72B)
Class com.google.common.collect.Sets$2                                                : loaded 2 times (x 135B)
Class [Lorg.gradle.api.internal.ClassPathProvider;                                    : loaded 2 times (x 65B)
Class org.gradle.api.internal.ClassPathProvider                                       : loaded 2 times (x 66B)
Class [Lorg.objectweb.asm.AnnotationVisitor;                                          : loaded 2 times (x 65B)
Class com.google.common.collect.Sets$3                                                : loaded 2 times (x 135B)
Class com.google.common.util.concurrent.AbstractFuture$SafeAtomicHelper               : loaded 2 times (x 75B)
Class com.google.common.cache.LocalCache$LocalLoadingCache                            : loaded 2 times (x 130B)
Class com.google.common.base.AbstractIterator$State                                   : loaded 2 times (x 75B)
Class org.gradle.internal.service.UnknownServiceException                             : loaded 2 times (x 79B)
Class com.google.common.io.ByteArrayDataInput                                         : loaded 2 times (x 66B)
Class com.google.common.collect.Sets$4                                                : loaded 2 times (x 135B)
Class org.objectweb.asm.ModuleVisitor                                                 : loaded 2 times (x 77B)
Class com.google.common.cache.LocalCache$Strength$1                                   : loaded 2 times (x 77B)
Class com.google.common.util.concurrent.SettableFuture                                : loaded 2 times (x 110B)
Class com.google.common.cache.LocalCache$Strength$2                                   : loaded 2 times (x 77B)
Class com.google.common.io.ByteStreams                                                : loaded 2 times (x 67B)
Class com.google.common.cache.LocalCache$Strength$3                                   : loaded 2 times (x 77B)
Class com.google.common.collect.MapDifference                                         : loaded 2 times (x 66B)
Class com.google.common.base.Splitter$1                                               : loaded 2 times (x 73B)
Class org.objectweb.asm.FieldWriter                                                   : loaded 2 times (x 74B)
Class com.google.common.cache.CacheBuilder$NullListener                               : loaded 2 times (x 78B)
Class org.gradle.internal.classpath.TransformedClassPath                              : loaded 2 times (x 92B)
Class org.gradle.internal.classloader.InstrumentingClassLoader                        : loaded 2 times (x 66B)
Class com.google.common.collect.ImmutableRangeSet$AsSet                               : loaded 2 times (x 295B)
Class com.google.common.cache.CacheLoader$FunctionToCacheLoader                       : loaded 2 times (x 71B)
Class com.google.common.collect.Iterators$ArrayItr                                    : loaded 2 times (x 93B)
Class com.google.common.collect.ImmutableCollection$Builder                           : loaded 2 times (x 72B)
Class com.google.common.base.Joiner                                                   : loaded 2 times (x 75B)
Class com.google.common.base.MoreObjects                                              : loaded 2 times (x 67B)
Class [Lorg.objectweb.asm.Type;                                                       : loaded 2 times (x 65B)
Class com.google.common.collect.Platform                                              : loaded 2 times (x 67B)
Class com.google.common.collect.UnmodifiableIterator                                  : loaded 2 times (x 76B)
Class org.gradle.internal.service.ServiceLocator                                      : loaded 2 times (x 66B)
Class com.google.common.base.Ascii                                                    : loaded 2 times (x 67B)
Class com.google.common.collect.SingletonImmutableBiMap                               : loaded 2 times (x 139B)
Class com.google.common.cache.LocalCache$1                                            : loaded 2 times (x 85B)
Class com.google.common.collect.AbstractMapEntry                                      : loaded 2 times (x 77B)
Class com.google.common.collect.Sets$ImprovedAbstractSet                              : loaded 2 times (x 131B)
Class com.google.common.collect.ImmutableList$Builder                                 : loaded 2 times (x 73B)
Class com.google.common.cache.LocalCache$2                                            : loaded 2 times (x 138B)
Class com.google.common.collect.AbstractMultimap                                      : loaded 2 times (x 119B)
Class com.google.common.collect.ImmutableRangeSet$1                                   : loaded 2 times (x 205B)
Class com.google.common.util.concurrent.AbstractFuture$UnsafeAtomicHelper$1           : loaded 2 times (x 72B)
Class com.google.common.collect.RegularImmutableAsList                                : loaded 2 times (x 212B)
Class com.google.common.collect.Range                                                 : loaded 2 times (x 83B)
Class com.google.common.util.concurrent.AbstractFuture$Trusted                        : loaded 2 times (x 66B)
Class com.google.common.collect.Iterators                                             : loaded 2 times (x 67B)
Class com.google.common.base.CharMatcher$RangesMatcher                                : loaded 2 times (x 108B)
Class com.google.common.util.concurrent.UncheckedExecutionException                   : loaded 2 times (x 78B)
Class com.google.common.collect.Lists$StringAsImmutableList                           : loaded 2 times (x 203B)
Class org.gradle.kotlin.dsl.VersionCatalogAccessorsKt                                 : loaded 2 times (x 67B)
Class com.google.common.collect.ImmutableSortedSetFauxverideShim                      : loaded 2 times (x 143B)
Class com.google.common.base.CharMatcher$JavaLetterOrDigit                            : loaded 2 times (x 107B)
Class org.gradle.internal.InternalTransformer                                         : loaded 2 times (x 66B)
Class com.google.common.collect.AbstractMapBasedMultimap$KeySet$1                     : loaded 2 times (x 78B)
Class org.objectweb.asm.ClassWriter                                                   : loaded 2 times (x 102B)
Class com.google.common.cache.CacheLoader$UnsupportedLoadingOperationException        : loaded 2 times (x 78B)
Class com.google.common.base.CharMatcher$And                                          : loaded 2 times (x 108B)
Class org.gradle.internal.classloader.ClasspathUtil$1                                 : loaded 2 times (x 72B)
Class com.google.common.base.Objects                                                  : loaded 2 times (x 67B)
Class org.objectweb.asm.FieldVisitor                                                  : loaded 2 times (x 73B)
Class com.google.common.collect.IndexedImmutableSet                                   : loaded 2 times (x 146B)
Class com.google.common.collect.ImmutableMap$1                                        : loaded 2 times (x 77B)
Class com.google.common.collect.BiMap                                                 : loaded 2 times (x 66B)
Class org.gradle.api.internal.classpath.DefaultModuleRegistry$DefaultModule           : loaded 2 times (x 82B)
Class com.google.common.primitives.Ints                                               : loaded 2 times (x 67B)
Class com.google.common.collect.AbstractIterator                                      : loaded 2 times (x 78B)
Class com.google.common.math.MathPreconditions                                        : loaded 2 times (x 67B)
Class com.google.common.collect.RegularImmutableMap$KeySet                            : loaded 2 times (x 146B)
Class com.google.common.collect.ArrayListMultimapGwtSerializationDependencies         : loaded 2 times (x 168B)
Class com.google.common.collect.ObjectArrays                                          : loaded 2 times (x 67B)
Class com.google.common.collect.AbstractIndexedListIterator                           : loaded 2 times (x 92B)
Class com.google.common.collect.ImmutableMapEntrySet                                  : loaded 2 times (x 147B)
Class org.gradle.api.internal.classpath.Module                                        : loaded 2 times (x 66B)
Class com.google.common.cache.Weigher                                                 : loaded 2 times (x 66B)
Class org.gradle.api.internal.classpath.UnknownModuleException                        : loaded 2 times (x 78B)
Class com.google.common.base.Stopwatch                                                : loaded 2 times (x 68B)
Class com.google.common.cache.LocalCache$Strength                                     : loaded 2 times (x 77B)
Class com.google.common.cache.Cache                                                   : loaded 2 times (x 66B)
Class com.google.common.util.concurrent.AbstractFuture$Cancellation                   : loaded 2 times (x 68B)
Class com.google.common.collect.ImmutableMap$Builder                                  : loaded 2 times (x 78B)
Class com.google.common.base.NullnessCasts                                            : loaded 2 times (x 67B)
Class com.google.common.cache.RemovalListener                                         : loaded 2 times (x 66B)
Class org.gradle.api.internal.DefaultClassPathRegistry                                : loaded 2 times (x 72B)
Class com.google.common.primitives.IntsMethodsForWeb                                  : loaded 2 times (x 67B)
Class com.google.common.collect.Multimap                                              : loaded 2 times (x 66B)
Class org.gradle.api.internal.ClassPathRegistry                                       : loaded 2 times (x 66B)
Class org.gradle.internal.classpath.DefaultClassPath$ImmutableUniqueList              : loaded 2 times (x 195B)
Class com.google.common.base.ExtraObjectsMethodsForWeb                                : loaded 2 times (x 67B)
Class com.google.common.base.Equivalence$Identity                                     : loaded 2 times (x 78B)
Class com.google.common.cache.CacheBuilder                                            : loaded 2 times (x 68B)
Class com.google.common.collect.SingletonImmutableList                                : loaded 2 times (x 203B)
Class Settings_gradle$1                                                               : loaded 2 times (x 70B)
Class org.gradle.internal.classpath.ClassPath                                         : loaded 2 times (x 66B)
Class org.gradle.api.UncheckedIOException                                             : loaded 2 times (x 78B)
Class com.google.common.collect.ImmutableList$ReverseImmutableList                    : loaded 2 times (x 204B)
Class com.google.common.base.JdkPattern                                               : loaded 2 times (x 71B)
Class org.objectweb.asm.SymbolTable$Entry                                             : loaded 2 times (x 70B)
Class com.google.common.util.concurrent.AbstractFuture$AtomicHelper                   : loaded 2 times (x 74B)
Class org.objectweb.asm.Edge                                                          : loaded 2 times (x 68B)
Class com.google.common.base.Suppliers$SupplierOfInstance                             : loaded 2 times (x 75B)
Class com.google.common.collect.Iterators$1                                           : loaded 2 times (x 77B)
Class com.google.common.cache.LocalCache$ComputingValueReference                      : loaded 2 times (x 92B)
Class com.google.common.collect.SingletonImmutableSet                                 : loaded 2 times (x 142B)
Class com.google.common.collect.ImmutableMap$IteratorBasedImmutableMap                : loaded 2 times (x 121B)
Class com.google.common.cache.LocalCache$Segment                                      : loaded 2 times (x 150B)
Class com.google.common.collect.SortedIterable                                        : loaded 2 times (x 66B)
Class [Lorg.objectweb.asm.SymbolTable$Entry;                                          : loaded 2 times (x 65B)
Class com.google.common.cache.CacheLoader                                             : loaded 2 times (x 70B)
Class com.google.common.collect.Iterators$4                                           : loaded 2 times (x 78B)
Class com.google.common.collect.ImmutableBiMap                                        : loaded 2 times (x 139B)
Class com.google.common.collect.AbstractListMultimap                                  : loaded 2 times (x 168B)
Class org.gradle.internal.installation.GradleInstallation$1                           : loaded 2 times (x 71B)
Class org.gradle.api.internal.classpath.ModuleRegistry                                : loaded 2 times (x 66B)
Class com.google.common.util.concurrent.internal.InternalFutureFailureAccess          : loaded 2 times (x 68B)
Class com.google.common.collect.Iterators$5                                           : loaded 2 times (x 78B)
Class com.google.common.collect.ImmutableSet$JdkBackedSetBuilderImpl                  : loaded 2 times (x 72B)
Class com.google.common.base.Splitter$SplittingIterator                               : loaded 2 times (x 80B)
Class com.google.common.io.Closer$SuppressingSuppressor                               : loaded 2 times (x 71B)
Class com.google.common.util.concurrent.AbstractFuture$UnsafeAtomicHelper             : loaded 2 times (x 74B)
Class com.google.common.cache.LocalCache$LocalManualCache$1                           : loaded 2 times (x 71B)
Class com.google.common.base.CharMatcher$ForPredicate                                 : loaded 2 times (x 108B)
Class com.google.common.collect.ImmutableCollection                                   : loaded 2 times (x 121B)
Class com.google.common.base.CharMatcher$AnyOf                                        : loaded 2 times (x 108B)
Class org.gradle.api.internal.classpath.DefaultModuleRegistry                         : loaded 2 times (x 82B)
Class com.google.common.util.concurrent.ListenableFuture                              : loaded 2 times (x 66B)
Class com.google.common.cache.ReferenceEntry                                          : loaded 2 times (x 66B)
Class com.google.common.collect.ImmutableSet$CachingAsList                            : loaded 2 times (x 143B)
Class com.google.common.base.Converter                                                : loaded 2 times (x 86B)
Class com.google.common.collect.Lists                                                 : loaded 2 times (x 67B)
Class com.google.common.base.CharMatcher$Any                                          : loaded 2 times (x 108B)
Class com.google.common.util.concurrent.AbstractFuture                                : loaded 2 times (x 102B)
Class com.google.common.base.FunctionalEquivalence                                    : loaded 2 times (x 79B)
Class com.google.common.collect.Iterators$9                                           : loaded 2 times (x 77B)
Class com.google.common.collect.AbstractMapBasedMultimap                              : loaded 2 times (x 135B)
Class com.google.common.collect.ImmutableAsList                                       : loaded 2 times (x 205B)
Class org.objectweb.asm.RecordComponentVisitor                                        : loaded 2 times (x 73B)
Class com.google.common.cache.CacheLoader$SupplierToCacheLoader                       : loaded 2 times (x 71B)
Class com.google.common.collect.Maps$EntryTransformer                                 : loaded 2 times (x 66B)
Class org.gradle.internal.service.ServiceLookupException                              : loaded 2 times (x 78B)
Class com.google.common.collect.ImmutableSortedSet                                    : loaded 2 times (x 295B)
Class [Lcom.google.common.cache.LocalCache$EntryFactory;                              : loaded 2 times (x 65B)
Class com.google.common.base.CharMatcher$JavaLetter                                   : loaded 2 times (x 107B)
Class org.gradle.internal.classloader.ClassLoaderFactory                              : loaded 2 times (x 66B)
Class com.google.common.cache.LocalCache$LocalManualCache                             : loaded 2 times (x 95B)
Class com.google.common.base.CharMatcher$IsNot                                        : loaded 2 times (x 107B)
Class com.google.common.base.CommonPattern                                            : loaded 2 times (x 70B)
Class org.gradle.internal.service.CachingServiceLocator                               : loaded 2 times (x 78B)
Class com.google.common.collect.AbstractMapBasedMultimap$KeySet                       : loaded 2 times (x 133B)
Class com.google.common.collect.RegularImmutableSortedSet                             : loaded 2 times (x 295B)
Class com.google.common.math.IntMath                                                  : loaded 2 times (x 67B)
Class com.google.common.collect.Iterators$10                                          : loaded 2 times (x 77B)
Class com.google.common.collect.ImmutableMapEntry                                     : loaded 2 times (x 81B)
Class com.google.common.base.CharMatcher$JavaDigit                                    : loaded 2 times (x 107B)
Class com.google.common.base.Equivalence                                              : loaded 2 times (x 78B)
Class com.google.common.collect.ImmutableMapEntry$NonTerminalImmutableMapEntry        : loaded 2 times (x 81B)
Class com.google.common.base.Function                                                 : loaded 2 times (x 66B)
Class com.google.common.cache.CacheBuilder$OneWeigher                                 : loaded 2 times (x 78B)
Class com.google.common.collect.RegularImmutableList                                  : loaded 2 times (x 208B)
Class com.google.common.collect.ImmutableBiMapFauxverideShim                          : loaded 2 times (x 116B)
Class org.gradle.internal.classloader.ClasspathUtil                                   : loaded 2 times (x 67B)
Class com.google.common.base.Charsets                                                 : loaded 2 times (x 67B)
Class com.google.common.util.concurrent.Uninterruptibles                              : loaded 2 times (x 67B)
Class com.google.common.collect.Maps                                                  : loaded 2 times (x 67B)
Class com.google.common.base.CharMatcher$JavaUpperCase                                : loaded 2 times (x 107B)
Class org.gradle.api.specs.Spec                                                       : loaded 2 times (x 66B)
Class [Lcom.google.common.collect.ImmutableEntry;                                     : loaded 2 times (x 65B)
Class com.google.common.cache.LocalCache$LoadingValueReference                        : loaded 2 times (x 92B)
Class com.google.common.collect.Multiset                                              : loaded 2 times (x 66B)
Class com.google.common.base.Platform                                                 : loaded 2 times (x 67B)
Class [Lorg.objectweb.asm.AnnotationWriter;                                           : loaded 2 times (x 65B)
Class com.google.common.primitives.Ints$IntConverter                                  : loaded 2 times (x 86B)
Class com.google.common.collect.Maps$8                                                : loaded 2 times (x 78B)
Class com.google.common.collect.ImmutableRangeSet$Builder                             : loaded 2 times (x 73B)
Class com.google.common.collect.Sets$SetView                                          : loaded 2 times (x 134B)
Class com.google.common.cache.LocalCache$StrongValueReference                         : loaded 2 times (x 86B)
Class com.google.common.util.concurrent.AbstractFuture$SynchronizedHelper             : loaded 2 times (x 74B)
Class com.google.common.base.CharMatcher$Invisible                                    : loaded 2 times (x 108B)
Class org.objectweb.asm.Type                                                          : loaded 2 times (x 68B)
Class org.gradle.internal.classloader.VisitableURLClassLoader$InstrumentingVisitableURLClassLoader: loaded 2 times (x 119B)
Class org.objectweb.asm.ByteVector                                                    : loaded 2 times (x 75B)
Class [Lcom.google.common.cache.CacheBuilder$NullListener;                            : loaded 2 times (x 65B)
Class com.google.common.math.IntMath$1                                                : loaded 2 times (x 67B)
Class org.gradle.internal.classloader.VisitableURLClassLoader$Spec                    : loaded 2 times (x 70B)
Class org.gradle.internal.classpath.DefaultClassPath                                  : loaded 2 times (x 86B)
Class org.objectweb.asm.Symbol                                                        : loaded 2 times (x 69B)
Class com.google.common.base.AbstractIterator                                         : loaded 2 times (x 76B)
Class com.google.common.io.Closer                                                     : loaded 2 times (x 74B)
Class com.google.common.collect.ImmutableSet                                          : loaded 2 times (x 141B)
Class com.google.common.collect.RegularImmutableMap$Values                            : loaded 2 times (x 203B)
Class com.google.common.base.CharMatcher$BitSetMatcher                                : loaded 2 times (x 108B)
Class com.google.common.base.CharMatcher$Ascii                                        : loaded 2 times (x 108B)
Class org.gradle.internal.classloader.ClassLoaderSpec                                 : loaded 2 times (x 67B)
Class org.objectweb.asm.AnnotationWriter                                              : loaded 2 times (x 75B)
Class com.google.common.cache.CacheStats                                              : loaded 2 times (x 67B)
Class com.google.common.io.Closer$Suppressor                                          : loaded 2 times (x 66B)
Class org.objectweb.asm.RecordComponentWriter                                         : loaded 2 times (x 74B)
Class com.google.common.util.concurrent.AbstractFuture$Listener                       : loaded 2 times (x 68B)
Class com.google.common.base.CharMatcher$Or                                           : loaded 2 times (x 108B)
Class Settings_gradle$1$1                                                             : loaded 2 times (x 70B)
Class org.objectweb.asm.Attribute                                                     : loaded 2 times (x 73B)
Class com.google.common.base.Supplier                                                 : loaded 2 times (x 66B)
Class org.gradle.internal.classloader.VisitableURLClassLoader                         : loaded 2 times (x 113B)
Class com.google.common.util.concurrent.AbstractFuture$Waiter                         : loaded 2 times (x 68B)
Class Settings_gradle                                                                 : loaded 2 times (x 124B)
Class org.gradle.internal.Cast                                                        : loaded 2 times (x 67B)
Class org.gradle.api.Action                                                           : loaded 2 times (x 66B)
Class com.google.common.base.Strings                                                  : loaded 2 times (x 67B)
Class com.google.common.collect.Sets                                                  : loaded 2 times (x 67B)
Class org.objectweb.asm.Handler                                                       : loaded 2 times (x 68B)
Class com.google.common.base.Ticker                                                   : loaded 2 times (x 68B)
Class com.google.common.base.CharMatcher$FastMatcher                                  : loaded 2 times (x 107B)
Class [Lcom.google.common.cache.LocalCache$Segment;                                   : loaded 2 times (x 65B)
Class [Lcom.google.common.cache.LocalCache$Strength;                                  : loaded 2 times (x 65B)
Class com.google.common.cache.CacheBuilder$1                                          : loaded 2 times (x 81B)
Class com.google.common.collect.ImmutableMap                                          : loaded 2 times (x 116B)
Class com.google.common.base.Predicate                                                : loaded 2 times (x 66B)
Class org.gradle.internal.classpath.DefaultClassPath$ImmutableUniqueList$Builder      : loaded 2 times (x 71B)
Class com.google.common.collect.AbstractRangeSet                                      : loaded 2 times (x 110B)
Class com.google.common.cache.LocalCache                                              : loaded 2 times (x 183B)
Class com.google.common.cache.CacheBuilder$2                                          : loaded 2 times (x 68B)
Class com.google.common.base.CharMatcher$NegatedFastMatcher                           : loaded 2 times (x 109B)
Class [Lcom.google.common.collect.AbstractMapEntry;                                   : loaded 2 times (x 65B)
Class com.google.common.collect.ImmutableEntry                                        : loaded 2 times (x 78B)
Class com.google.common.collect.ArrayListMultimap                                     : loaded 2 times (x 168B)
Class com.google.common.base.AbstractIterator$1                                       : loaded 2 times (x 67B)
Class com.google.common.base.CharMatcher$Digit                                        : loaded 2 times (x 108B)
Class org.gradle.api.GradleException                                                  : loaded 2 times (x 78B)
Class com.google.common.base.Suppliers$MemoizingSupplier                              : loaded 2 times (x 75B)
Class com.google.common.collect.CollectPreconditions                                  : loaded 2 times (x 67B)
Class com.google.common.base.CharMatcher$JavaIsoControl                               : loaded 2 times (x 108B)
Class com.google.common.collect.SortedMapDifference                                   : loaded 2 times (x 66B)
Class com.google.common.base.CharMatcher$JavaLowerCase                                : loaded 2 times (x 107B)
Class com.google.common.cache.LocalCache$EntryFactory                                 : loaded 2 times (x 79B)
Class com.google.common.cache.LocalCache$AbstractReferenceEntry                       : loaded 2 times (x 103B)
Class com.google.common.base.Splitter$1$1                                             : loaded 2 times (x 82B)
Class com.google.common.base.CharMatcher$Whitespace                                   : loaded 2 times (x 108B)
Class org.gradle.internal.IoActions                                                   : loaded 2 times (x 67B)
Class com.google.common.collect.ImmutableRangeSet$ComplementRanges                    : loaded 2 times (x 203B)
Class org.objectweb.asm.SymbolTable                                                   : loaded 2 times (x 68B)
Class com.google.common.cache.CacheLoader$InvalidCacheLoadException                   : loaded 2 times (x 78B)
Class com.google.common.collect.ImmutableSet$RegularSetBuilderImpl                    : loaded 2 times (x 73B)
Class com.google.common.base.CharMatcher$SingleWidth                                  : loaded 2 times (x 108B)
Class org.gradle.internal.classloader.SystemClassLoaderSpec                           : loaded 2 times (x 67B)
Class com.google.common.cache.LocalCache$StrongEntry                                  : loaded 2 times (x 104B)
Class com.google.common.util.concurrent.AbstractFuture$TrustedFuture                  : loaded 2 times (x 110B)
Class com.google.common.cache.LoadingCache                                            : loaded 2 times (x 66B)
Class com.google.common.io.ByteStreams$LimitedInputStream                             : loaded 2 times (x 88B)
Class com.google.common.base.Suppliers$NonSerializableMemoizingSupplier               : loaded 2 times (x 75B)
Class org.objectweb.asm.MethodWriter                                                  : loaded 2 times (x 102B)
Class [Lcom.google.common.cache.Weigher;                                              : loaded 2 times (x 65B)
Class com.google.common.collect.RegularImmutableMap$BucketOverflowException           : loaded 2 times (x 78B)
Class com.google.common.collect.RegularImmutableBiMap                                 : loaded 2 times (x 144B)
Class com.google.common.cache.LocalCache$ValueReference                               : loaded 2 times (x 66B)
Class com.google.common.base.CharMatcher$Negated                                      : loaded 2 times (x 109B)
Class com.google.common.base.CharMatcher$Is                                           : loaded 2 times (x 107B)
Class com.google.common.base.PatternCompiler                                          : loaded 2 times (x 66B)
Class com.google.common.util.concurrent.AbstractFuture$Failure                        : loaded 2 times (x 68B)
Class com.google.common.base.Equivalence$Equals                                       : loaded 2 times (x 78B)
Class com.google.common.collect.Hashing                                               : loaded 2 times (x 67B)
Class com.google.common.base.Preconditions                                            : loaded 2 times (x 67B)
Class com.google.common.base.Joiner$1                                                 : loaded 2 times (x 76B)
Class org.objectweb.asm.Label                                                         : loaded 2 times (x 69B)
Class org.objectweb.asm.CurrentFrame                                                  : loaded 2 times (x 69B)
Class org.objectweb.asm.ClassTooLargeException                                        : loaded 2 times (x 79B)
Class com.google.common.collect.PeekingIterator                                       : loaded 2 times (x 66B)
Class com.google.common.base.CharMatcher                                              : loaded 2 times (x 107B)
Class com.google.common.collect.Maps$IteratorBasedAbstractMap                         : loaded 2 times (x 121B)
Class com.google.common.collect.RangeGwtSerializationDependencies                     : loaded 2 times (x 67B)
Class com.google.common.base.Joiner$2                                                 : loaded 2 times (x 75B)
Class org.objectweb.asm.Frame                                                         : loaded 2 times (x 69B)
Class org.objectweb.asm.MethodVisitor                                                 : loaded 2 times (x 101B)
Class com.google.common.cache.LocalCache$EntryFactory$1                               : loaded 2 times (x 79B)
Class [Lcom.google.common.cache.RemovalListener;                                      : loaded 2 times (x 65B)
Class com.google.common.base.CharMatcher$1                                            : loaded 2 times (x 109B)
Class com.google.common.base.CharMatcher$NamedFastMatcher                             : loaded 2 times (x 108B)
Class com.google.common.collect.RangeSet                                              : loaded 2 times (x 66B)
Class com.google.common.cache.LocalCache$EntryFactory$2                               : loaded 2 times (x 79B)
Class org.gradle.api.internal.classpath.GlobalCacheRootsProvider                      : loaded 2 times (x 66B)
Class com.google.common.collect.CollectCollectors                                     : loaded 2 times (x 67B)
Class org.objectweb.asm.ModuleWriter                                                  : loaded 2 times (x 78B)
Class com.google.common.cache.LocalCache$EntryFactory$3                               : loaded 2 times (x 79B)
Class com.google.common.base.Ticker$1                                                 : loaded 2 times (x 68B)
Class com.google.common.collect.ImmutableMapEntrySet$RegularEntrySet                  : loaded 2 times (x 147B)
Class com.google.common.collect.Maps$BiMapConverter                                   : loaded 2 times (x 86B)
Class com.google.common.cache.LocalCache$EntryFactory$4                               : loaded 2 times (x 79B)
Class com.google.common.collect.ImmutableSet$Builder                                  : loaded 2 times (x 81B)
Class com.google.common.base.CharMatcher$InRange                                      : loaded 2 times (x 107B)
Class com.google.common.io.ByteStreams$1                                              : loaded 2 times (x 81B)
Class com.google.common.cache.LocalCache$EntryFactory$5                               : loaded 2 times (x 79B)
Class com.google.common.base.PairwiseEquivalence                                      : loaded 2 times (x 79B)
Class com.google.common.cache.LocalCache$EntryFactory$6                               : loaded 2 times (x 79B)
Class org.gradle.internal.installation.CurrentGradleInstallationLocator               : loaded 2 times (x 67B)
Class com.google.common.collect.Maps$KeySet                                           : loaded 2 times (x 133B)
Class com.google.common.cache.LocalCache$EntryFactory$7                               : loaded 2 times (x 79B)
Class com.google.common.collect.ImmutableSet$EmptySetBuilderImpl                      : loaded 2 times (x 72B)
Class com.google.common.collect.ImmutableList                                         : loaded 2 times (x 202B)
Class org.gradle.internal.service.DefaultServiceLocator                               : loaded 2 times (x 79B)
Class com.google.common.cache.LocalCache$EntryFactory$8                               : loaded 2 times (x 79B)
Class com.google.common.collect.ImmutableSet$SetBuilderImpl                           : loaded 2 times (x 72B)
Class org.gradle.internal.installation.CurrentGradleInstallation                      : loaded 2 times (x 69B)
Class com.google.common.cache.CacheLoader$1                                           : loaded 2 times (x 71B)
Class com.google.common.collect.ForwardingObject                                      : loaded 2 times (x 68B)
Class com.google.common.collect.ImmutableList$SubList                                 : loaded 2 times (x 204B)
Class org.gradle.util.internal.GUtil                                                  : loaded 2 times (x 67B)
Class com.google.common.util.concurrent.AbstractFuture$SetFuture                      : loaded 2 times (x 71B)
Class com.google.common.cache.AbstractCache$StatsCounter                              : loaded 2 times (x 66B)
Class com.google.common.collect.Iterators$MergingIterator                             : loaded 2 times (x 77B)
Class com.google.common.collect.RegularImmutableSet                                   : loaded 2 times (x 144B)
Class org.gradle.internal.installation.GradleInstallation                             : loaded 2 times (x 71B)
Class com.google.common.collect.Iterables                                             : loaded 2 times (x 67B)
Class com.google.common.base.Splitter$Strategy                                        : loaded 2 times (x 66B)

---------------  S Y S T E M  ---------------

OS:
 Windows 11 , 64 bit Build 26100 (10.0.26100.7920)
OS uptime: 10 days 16:19 hours
Hyper-V role detected

CPU: total 12 (initial active 12) (12 cores per cpu, 2 threads per core) family 23 model 104 stepping 1 microcode 0x8608103, cx8, cmov, fxsr, ht, mmx, 3dnowpref, sse, sse2, sse3, ssse3, sse4a, sse4.1, sse4.2, popcnt, lzcnt, tsc, tscinvbit, avx, avx2, aes, clmul, bmi1, bmi2, adx, sha, fma, vzeroupper, clflush, clflushopt, hv, rdtscp, rdpid, f16c
Processor Information for the first 12 processors :
  Max Mhz: 2100, Current Mhz: 1686, Mhz Limit: 2100

Memory: 4k page, system-wide physical 15708M (1629M free)
TotalPageFile size 23900M (AvailPageFile size 38M)
current process WorkingSet (physical memory assigned to process): 955M, peak: 972M
current process commit charge ("private bytes"): 996M, peak: 1147M

vm_info: OpenJDK 64-Bit Server VM (21.0.6+-13368085-b895.109) for windows-amd64 JRE (21.0.6+-13368085-b895.109), built on 2025-04-16T17:01:31Z by "builder" with MS VC++ 16.10 / 16.11 (VS2019)

END.
