#
# There is insufficient memory for the Java Runtime Environment to continue.
# Native memory allocation (malloc) failed to allocate 1049376 bytes. Error detail: Chunk::new
# Possible reasons:
#   The system is out of physical RAM or swap space
#   This process is running with CompressedOops enabled, and the Java Heap may be blocking the growth of the native heap
# Possible solutions:
#   Reduce memory load on the system
#   Increase physical memory or swap space
#   Check if swap backing store is full
#   Decrease Java heap size (-Xmx/-Xms)
#   Decrease number of Java threads
#   Decrease Java thread stack sizes (-Xss)
#   Set larger code cache with -XX:ReservedCodeCacheSize=
#   JVM is running with Unscaled Compressed Oops mode in which the Java heap is
#     placed in the first 4GB address space. The Java Heap base address is the
#     maximum limit for the native heap growth. Please use -XX:HeapBaseMinAddress
#     to set the Java Heap base and to place the Java Heap above 4GB virtual address.
# This output file may be truncated or incomplete.
#
#  Out of Memory Error (arena.cpp:168), pid=34540, tid=24508
#
# JRE version: OpenJDK Runtime Environment (21.0.6) (build 21.0.6+-13368085-b895.109)
# Java VM: OpenJDK 64-Bit Server VM (21.0.6+-13368085-b895.109, mixed mode, tiered, compressed oops, compressed class ptrs, g1 gc, windows-amd64)
# No core dump will be written. Minidumps are not enabled by default on client versions of Windows
#

---------------  S U M M A R Y ------------

Command Line: --add-opens=java.base/java.lang=ALL-UNNAMED --add-opens=java.base/java.lang.invoke=ALL-UNNAMED --add-opens=java.base/java.util=ALL-UNNAMED --add-opens=java.prefs/java.util.prefs=ALL-UNNAMED --add-exports=jdk.compiler/com.sun.tools.javac.api=ALL-UNNAMED --add-exports=jdk.compiler/com.sun.tools.javac.util=ALL-UNNAMED --add-opens=java.base/java.util=ALL-UNNAMED --add-opens=java.prefs/java.util.prefs=ALL-UNNAMED --add-opens=java.base/java.nio.charset=ALL-UNNAMED --add-opens=java.base/java.net=ALL-UNNAMED --add-opens=java.base/java.util.concurrent.atomic=ALL-UNNAMED --add-opens=java.xml/javax.xml.namespace=ALL-UNNAMED -Xmx2048m -Dfile.encoding=UTF-8 -Duser.country=US -Duser.language=en -Duser.variant -javaagent:C:\Users\Acer\.gradle\wrapper\dists\gradle-8.11.1-bin\bpt9gzteqjrbo1mjrsomdt32c\gradle-8.11.1\lib\agents\gradle-instrumentation-agent-8.11.1.jar org.gradle.launcher.daemon.bootstrap.GradleDaemon 8.11.1

Host: AMD Ryzen 5 5500U with Radeon Graphics         , 12 cores, 15G,  Windows 11 , 64 bit Build 26100 (10.0.26100.7920)
Time: Mon Apr 27 23:02:39 2026 India Standard Time elapsed time: 60.245072 seconds (0d 0h 1m 0s)

---------------  T H R E A D  ---------------

Current thread (0x00000167b6fd3350):  JavaThread "C2 CompilerThread2" daemon [_thread_in_native, id=24508, stack(0x0000005db6000000,0x0000005db6100000) (1024K)]


Current CompileTask:
C2:60245 15448       4       com.sun.org.apache.xerces.internal.impl.XMLNSDocumentScannerImpl::scanStartElement (1031 bytes)

Stack: [0x0000005db6000000,0x0000005db6100000]
Native frames: (J=compiled Java code, j=interpreted, Vv=VM code, C=native code)
V  [jvm.dll+0x6d0639]
V  [jvm.dll+0x85eb03]
V  [jvm.dll+0x86105e]
V  [jvm.dll+0x861743]
V  [jvm.dll+0x27e6e6]
V  [jvm.dll+0xbff6d]
V  [jvm.dll+0xc04a3]
V  [jvm.dll+0x2f2780]
V  [jvm.dll+0x5fa409]
V  [jvm.dll+0x250d92]
V  [jvm.dll+0x25114f]
V  [jvm.dll+0x2498f5]
V  [jvm.dll+0x24714e]
V  [jvm.dll+0x1c5f04]
V  [jvm.dll+0x2569ac]
V  [jvm.dll+0x254ef6]
V  [jvm.dll+0x3f0e96]
V  [jvm.dll+0x806ed8]
V  [jvm.dll+0x6cef0d]
C  [ucrtbase.dll+0x37b0]
C  [KERNEL32.DLL+0x2e8d7]
C  [ntdll.dll+0x8c48c]


---------------  P R O C E S S  ---------------

Threads class SMR info:
_java_thread_list=0x00000167b6fc8480, length=109, elements={
0x00000167944394b0, 0x00000167ac074ee0, 0x00000167ac077940, 0x00000167ac079990,
0x00000167ac08b100, 0x00000167ac0a14a0, 0x00000167ac0a1ef0, 0x00000167ac095a90,
0x00000167ac0aaf40, 0x00000167ac2109e0, 0x00000167ac4f4ff0, 0x00000167b2343970,
0x00000167b25ab220, 0x00000167b274e820, 0x00000167b23cd970, 0x00000167b23cdfd0,
0x00000167b2523160, 0x00000167b244f130, 0x00000167b246bae0, 0x00000167b24d5410,
0x00000167b24d6130, 0x00000167b24d4060, 0x00000167b24d4d80, 0x00000167b24d46f0,
0x00000167b24d67c0, 0x00000167b24d6e50, 0x00000167b24d5aa0, 0x00000167b24d74e0,
0x00000167b290bbe0, 0x00000167b290c270, 0x00000167b290c900, 0x00000167b290cf90,
0x00000167b290aec0, 0x00000167b3db9a90, 0x00000167b3db79c0, 0x00000167b3db6610,
0x00000167b3dba120, 0x00000167b3db8050, 0x00000167b3db8d70, 0x00000167b3db6ca0,
0x00000167b3dbc1f0, 0x00000167b3dbc880, 0x00000167b3dba7b0, 0x00000167b3dbb4d0,
0x00000167b3dbae40, 0x00000167b3dbcf10, 0x00000167b3dbbb60, 0x00000167b3dbd5a0,
0x00000167b1798980, 0x00000167b17968b0, 0x00000167b1799010, 0x00000167b17996a0,
0x00000167b1796220, 0x00000167b17982f0, 0x00000167b17975d0, 0x00000167b1796f40,
0x00000167b1799d30, 0x00000167b179a3c0, 0x00000167b179aa50, 0x00000167b179b0e0,
0x00000167b1797c60, 0x00000167b179d1b0, 0x00000167b179d840, 0x00000167b179b770,
0x00000167b179be00, 0x00000167b179c490, 0x00000167b3454250, 0x00000167b3452810,
0x00000167b34548e0, 0x00000167b6489d70, 0x00000167b6489050, 0x00000167b648b120,
0x00000167b648b7b0, 0x00000167b6488330, 0x00000167b64889c0, 0x00000167b66dc070,
0x00000167b66ddab0, 0x00000167b66dcd90, 0x00000167b66de7d0, 0x00000167b66dee60,
0x00000167b66df4f0, 0x00000167b66dd420, 0x00000167b66de140, 0x00000167b66dfb80,
0x00000167b66e1c50, 0x00000167b66e3690, 0x00000167b66e2970, 0x00000167b66e15c0,
0x00000167b66e3000, 0x00000167b66e0f30, 0x00000167b66e0210, 0x00000167b66e22e0,
0x00000167b66e08a0, 0x00000167b6733ff0, 0x00000167b6732c40, 0x00000167b6fe1cc0,
0x00000167b6fe29e0, 0x00000167b6fe2350, 0x00000167b6fe3070, 0x00000167b6fe0280,
0x00000167b6fe3d90, 0x00000167b6fe4420, 0x00000167b6fe0fa0, 0x00000167b6fe5140,
0x00000167b6fe57d0, 0x00000167b6fe5e60, 0x00000167b6fe4ab0, 0x00000167b6fcdac0,
0x00000167b6fd3350
}

Java Threads: ( => current thread )
  0x00000167944394b0 JavaThread "main"                              [_thread_blocked, id=17512, stack(0x0000005dae200000,0x0000005dae300000) (1024K)]
  0x00000167ac074ee0 JavaThread "Reference Handler"          daemon [_thread_blocked, id=1112, stack(0x0000005daea00000,0x0000005daeb00000) (1024K)]
  0x00000167ac077940 JavaThread "Finalizer"                  daemon [_thread_blocked, id=27880, stack(0x0000005daeb00000,0x0000005daec00000) (1024K)]
  0x00000167ac079990 JavaThread "Signal Dispatcher"          daemon [_thread_blocked, id=15136, stack(0x0000005daec00000,0x0000005daed00000) (1024K)]
  0x00000167ac08b100 JavaThread "Attach Listener"            daemon [_thread_blocked, id=18892, stack(0x0000005daed00000,0x0000005daee00000) (1024K)]
  0x00000167ac0a14a0 JavaThread "Service Thread"             daemon [_thread_blocked, id=21304, stack(0x0000005daee00000,0x0000005daef00000) (1024K)]
  0x00000167ac0a1ef0 JavaThread "Monitor Deflation Thread"   daemon [_thread_blocked, id=20188, stack(0x0000005daef00000,0x0000005daf000000) (1024K)]
  0x00000167ac095a90 JavaThread "C2 CompilerThread0"         daemon [_thread_blocked, id=36764, stack(0x0000005daf000000,0x0000005daf100000) (1024K)]
  0x00000167ac0aaf40 JavaThread "C1 CompilerThread0"         daemon [_thread_blocked, id=29464, stack(0x0000005daf100000,0x0000005daf200000) (1024K)]
  0x00000167ac2109e0 JavaThread "Common-Cleaner"             daemon [_thread_blocked, id=34812, stack(0x0000005daf200000,0x0000005daf300000) (1024K)]
  0x00000167ac4f4ff0 JavaThread "Notification Thread"        daemon [_thread_blocked, id=32616, stack(0x0000005daf300000,0x0000005daf400000) (1024K)]
  0x00000167b2343970 JavaThread "Daemon health stats"               [_thread_blocked, id=25460, stack(0x0000005dafa00000,0x0000005dafb00000) (1024K)]
  0x00000167b25ab220 JavaThread "Incoming local TCP Connector on port 60210"        [_thread_in_native, id=35664, stack(0x0000005dafb00000,0x0000005dafc00000) (1024K)]
  0x00000167b274e820 JavaThread "Daemon periodic checks"            [_thread_blocked, id=31680, stack(0x0000005dafc00000,0x0000005dafd00000) (1024K)]
  0x00000167b23cd970 JavaThread "Daemon"                            [_thread_blocked, id=11516, stack(0x0000005dafd00000,0x0000005dafe00000) (1024K)]
  0x00000167b23cdfd0 JavaThread "Handler for socket connection from /127.0.0.1:60210 to /127.0.0.1:60211"        [_thread_in_native, id=16496, stack(0x0000005dafe00000,0x0000005daff00000) (1024K)]
  0x00000167b2523160 JavaThread "Cancel handler"                    [_thread_blocked, id=16172, stack(0x0000005daff00000,0x0000005db0000000) (1024K)]
  0x00000167b244f130 JavaThread "Daemon worker"                     [_thread_blocked, id=12284, stack(0x0000005db0000000,0x0000005db0100000) (1024K)]
  0x00000167b246bae0 JavaThread "Asynchronous log dispatcher for DefaultDaemonConnection: socket connection from /127.0.0.1:60210 to /127.0.0.1:60211"        [_thread_blocked, id=25844, stack(0x0000005db0100000,0x0000005db0200000) (1024K)]
  0x00000167b24d5410 JavaThread "Stdin handler"                     [_thread_blocked, id=7392, stack(0x0000005db0200000,0x0000005db0300000) (1024K)]
  0x00000167b24d6130 JavaThread "Daemon client event forwarder"        [_thread_blocked, id=29240, stack(0x0000005db0300000,0x0000005db0400000) (1024K)]
  0x00000167b24d4060 JavaThread "Cache worker for journal cache (C:\Users\Acer\.gradle\caches\journal-1)"        [_thread_blocked, id=17296, stack(0x0000005daf500000,0x0000005daf600000) (1024K)]
  0x00000167b24d4d80 JavaThread "File lock request listener"        [_thread_in_native, id=12048, stack(0x0000005db0a00000,0x0000005db0b00000) (1024K)]
  0x00000167b24d46f0 JavaThread "Cache worker for file hash cache (C:\Users\Acer\.gradle\caches\8.11.1\fileHashes)"        [_thread_blocked, id=23376, stack(0x0000005db0b00000,0x0000005db0c00000) (1024K)]
  0x00000167b24d67c0 JavaThread "Cache worker for file content cache (C:\Users\Acer\.gradle\caches\8.11.1\fileContent)"        [_thread_blocked, id=16356, stack(0x0000005db0d00000,0x0000005db0e00000) (1024K)]
  0x00000167b24d6e50 JavaThread "Cache worker for file hash cache (C:\SupplyLens\.gradle\8.11.1\fileHashes)"        [_thread_blocked, id=3656, stack(0x0000005db0f00000,0x0000005db1000000) (1024K)]
  0x00000167b24d5aa0 JavaThread "Cache worker for Build Output Cleanup Cache (C:\SupplyLens\.gradle\buildOutputCleanup)"        [_thread_blocked, id=13972, stack(0x0000005db1000000,0x0000005db1100000) (1024K)]
  0x00000167b24d74e0 JavaThread "File lock release action executor"        [_thread_blocked, id=23880, stack(0x0000005db1100000,0x0000005db1200000) (1024K)]
  0x00000167b290bbe0 JavaThread "File watcher server"        daemon [_thread_in_native, id=34100, stack(0x0000005db1200000,0x0000005db1300000) (1024K)]
  0x00000167b290c270 JavaThread "File watcher consumer"      daemon [_thread_blocked, id=34592, stack(0x0000005db1300000,0x0000005db1400000) (1024K)]
  0x00000167b290c900 JavaThread "Cache worker for checksums cache (C:\SupplyLens\.gradle\8.11.1\checksums)"        [_thread_blocked, id=13148, stack(0x0000005db1400000,0x0000005db1500000) (1024K)]
  0x00000167b290cf90 JavaThread "Cache worker for cache directory md-rule (C:\Users\Acer\.gradle\caches\8.11.1\md-rule)"        [_thread_blocked, id=30020, stack(0x0000005db1500000,0x0000005db1600000) (1024K)]
  0x00000167b290aec0 JavaThread "Cache worker for cache directory md-supplier (C:\Users\Acer\.gradle\caches\8.11.1\md-supplier)"        [_thread_blocked, id=25528, stack(0x0000005db1600000,0x0000005db1700000) (1024K)]
  0x00000167b3db9a90 JavaThread "Unconstrained build operations"        [_thread_blocked, id=12016, stack(0x0000005db0e00000,0x0000005db0f00000) (1024K)]
  0x00000167b3db79c0 JavaThread "Unconstrained build operations Thread 2"        [_thread_blocked, id=10440, stack(0x0000005db1700000,0x0000005db1800000) (1024K)]
  0x00000167b3db6610 JavaThread "Unconstrained build operations Thread 3"        [_thread_blocked, id=13156, stack(0x0000005db1800000,0x0000005db1900000) (1024K)]
  0x00000167b3dba120 JavaThread "Unconstrained build operations Thread 4"        [_thread_blocked, id=32508, stack(0x0000005db1900000,0x0000005db1a00000) (1024K)]
  0x00000167b3db8050 JavaThread "Unconstrained build operations Thread 5"        [_thread_blocked, id=35016, stack(0x0000005db1a00000,0x0000005db1b00000) (1024K)]
  0x00000167b3db8d70 JavaThread "Unconstrained build operations Thread 6"        [_thread_blocked, id=33528, stack(0x0000005db1b00000,0x0000005db1c00000) (1024K)]
  0x00000167b3db6ca0 JavaThread "Unconstrained build operations Thread 7"        [_thread_blocked, id=34412, stack(0x0000005db1c00000,0x0000005db1d00000) (1024K)]
  0x00000167b3dbc1f0 JavaThread "Unconstrained build operations Thread 8"        [_thread_blocked, id=20096, stack(0x0000005db1d00000,0x0000005db1e00000) (1024K)]
  0x00000167b3dbc880 JavaThread "Unconstrained build operations Thread 9"        [_thread_blocked, id=32096, stack(0x0000005db1e00000,0x0000005db1f00000) (1024K)]
  0x00000167b3dba7b0 JavaThread "Unconstrained build operations Thread 10"        [_thread_blocked, id=28308, stack(0x0000005db1f00000,0x0000005db2000000) (1024K)]
  0x00000167b3dbb4d0 JavaThread "Unconstrained build operations Thread 11"        [_thread_blocked, id=20168, stack(0x0000005db2000000,0x0000005db2100000) (1024K)]
  0x00000167b3dbae40 JavaThread "Unconstrained build operations Thread 12"        [_thread_blocked, id=10892, stack(0x0000005db2100000,0x0000005db2200000) (1024K)]
  0x00000167b3dbcf10 JavaThread "Unconstrained build operations Thread 13"        [_thread_blocked, id=6312, stack(0x0000005db2200000,0x0000005db2300000) (1024K)]
  0x00000167b3dbbb60 JavaThread "Unconstrained build operations Thread 14"        [_thread_blocked, id=9116, stack(0x0000005db2300000,0x0000005db2400000) (1024K)]
  0x00000167b3dbd5a0 JavaThread "Unconstrained build operations Thread 15"        [_thread_blocked, id=24260, stack(0x0000005db2400000,0x0000005db2500000) (1024K)]
  0x00000167b1798980 JavaThread "Unconstrained build operations Thread 16"        [_thread_blocked, id=32804, stack(0x0000005db2500000,0x0000005db2600000) (1024K)]
  0x00000167b17968b0 JavaThread "Unconstrained build operations Thread 17"        [_thread_blocked, id=30928, stack(0x0000005db2600000,0x0000005db2700000) (1024K)]
  0x00000167b1799010 JavaThread "Unconstrained build operations Thread 18"        [_thread_blocked, id=32780, stack(0x0000005db2700000,0x0000005db2800000) (1024K)]
  0x00000167b17996a0 JavaThread "Unconstrained build operations Thread 19"        [_thread_blocked, id=14940, stack(0x0000005db2800000,0x0000005db2900000) (1024K)]
  0x00000167b1796220 JavaThread "Unconstrained build operations Thread 20"        [_thread_blocked, id=31716, stack(0x0000005db2900000,0x0000005db2a00000) (1024K)]
  0x00000167b17982f0 JavaThread "Unconstrained build operations Thread 21"        [_thread_blocked, id=25972, stack(0x0000005db2a00000,0x0000005db2b00000) (1024K)]
  0x00000167b17975d0 JavaThread "Unconstrained build operations Thread 22"        [_thread_blocked, id=8516, stack(0x0000005db2b00000,0x0000005db2c00000) (1024K)]
  0x00000167b1796f40 JavaThread "Unconstrained build operations Thread 23"        [_thread_blocked, id=2244, stack(0x0000005db2d00000,0x0000005db2e00000) (1024K)]
  0x00000167b1799d30 JavaThread "Unconstrained build operations Thread 24"        [_thread_blocked, id=30856, stack(0x0000005db2e00000,0x0000005db2f00000) (1024K)]
  0x00000167b179a3c0 JavaThread "Unconstrained build operations Thread 25"        [_thread_blocked, id=26596, stack(0x0000005db2f00000,0x0000005db3000000) (1024K)]
  0x00000167b179aa50 JavaThread "Unconstrained build operations Thread 26"        [_thread_blocked, id=30124, stack(0x0000005db3000000,0x0000005db3100000) (1024K)]
  0x00000167b179b0e0 JavaThread "Unconstrained build operations Thread 27"        [_thread_blocked, id=36704, stack(0x0000005db3100000,0x0000005db3200000) (1024K)]
  0x00000167b1797c60 JavaThread "Unconstrained build operations Thread 28"        [_thread_blocked, id=20036, stack(0x0000005db3200000,0x0000005db3300000) (1024K)]
  0x00000167b179d1b0 JavaThread "Unconstrained build operations Thread 29"        [_thread_blocked, id=35860, stack(0x0000005db3300000,0x0000005db3400000) (1024K)]
  0x00000167b179d840 JavaThread "Unconstrained build operations Thread 30"        [_thread_blocked, id=21484, stack(0x0000005db3400000,0x0000005db3500000) (1024K)]
  0x00000167b179b770 JavaThread "Unconstrained build operations Thread 31"        [_thread_blocked, id=23616, stack(0x0000005db3500000,0x0000005db3600000) (1024K)]
  0x00000167b179be00 JavaThread "Unconstrained build operations Thread 32"        [_thread_blocked, id=30004, stack(0x0000005db3600000,0x0000005db3700000) (1024K)]
  0x00000167b179c490 JavaThread "Unconstrained build operations Thread 33"        [_thread_blocked, id=26488, stack(0x0000005db3700000,0x0000005db3800000) (1024K)]
  0x00000167b3454250 JavaThread "build event listener"              [_thread_blocked, id=35284, stack(0x0000005db2c00000,0x0000005db2d00000) (1024K)]
  0x00000167b3452810 JavaThread "Memory manager"                    [_thread_blocked, id=23896, stack(0x0000005db3800000,0x0000005db3900000) (1024K)]
  0x00000167b34548e0 JavaThread "build event listener"              [_thread_blocked, id=16124, stack(0x0000005db3a00000,0x0000005db3b00000) (1024K)]
  0x00000167b6489d70 JavaThread "pool-3-thread-1"                   [_thread_blocked, id=29748, stack(0x0000005db3b00000,0x0000005db3c00000) (1024K)]
  0x00000167b6489050 JavaThread "build event listener"              [_thread_blocked, id=18996, stack(0x0000005db3c00000,0x0000005db3d00000) (1024K)]
  0x00000167b648b120 JavaThread "included builds"                   [_thread_blocked, id=12092, stack(0x0000005db3d00000,0x0000005db3e00000) (1024K)]
  0x00000167b648b7b0 JavaThread "Execution worker"                  [_thread_blocked, id=28204, stack(0x0000005db3e00000,0x0000005db3f00000) (1024K)]
  0x00000167b6488330 JavaThread "Execution worker Thread 2"         [_thread_blocked, id=36388, stack(0x0000005db3f00000,0x0000005db4000000) (1024K)]
  0x00000167b64889c0 JavaThread "Execution worker Thread 3"         [_thread_blocked, id=22140, stack(0x0000005db4000000,0x0000005db4100000) (1024K)]
  0x00000167b66dc070 JavaThread "Execution worker Thread 4"         [_thread_in_vm, id=14092, stack(0x0000005db4100000,0x0000005db4200000) (1024K)]
  0x00000167b66ddab0 JavaThread "Execution worker Thread 5"         [_thread_blocked, id=31852, stack(0x0000005db4200000,0x0000005db4300000) (1024K)]
  0x00000167b66dcd90 JavaThread "Execution worker Thread 6"         [_thread_blocked, id=16560, stack(0x0000005db4300000,0x0000005db4400000) (1024K)]
  0x00000167b66de7d0 JavaThread "Execution worker Thread 7"         [_thread_blocked, id=13584, stack(0x0000005db4400000,0x0000005db4500000) (1024K)]
  0x00000167b66dee60 JavaThread "Execution worker Thread 8"         [_thread_blocked, id=26612, stack(0x0000005db4500000,0x0000005db4600000) (1024K)]
  0x00000167b66df4f0 JavaThread "Execution worker Thread 9"         [_thread_blocked, id=29412, stack(0x0000005db4600000,0x0000005db4700000) (1024K)]
  0x00000167b66dd420 JavaThread "Execution worker Thread 10"        [_thread_blocked, id=8816, stack(0x0000005db4700000,0x0000005db4800000) (1024K)]
  0x00000167b66de140 JavaThread "Execution worker Thread 11"        [_thread_blocked, id=15212, stack(0x0000005db4800000,0x0000005db4900000) (1024K)]
  0x00000167b66dfb80 JavaThread "Cache worker for execution history cache (C:\SupplyLens\.gradle\8.11.1\executionHistory)"        [_thread_blocked, id=4128, stack(0x0000005db4900000,0x0000005db4a00000) (1024K)]
  0x00000167b66e1c50 JavaThread "Unconstrained build operations Thread 34"        [_thread_blocked, id=24928, stack(0x0000005db4a00000,0x0000005db4b00000) (1024K)]
  0x00000167b66e3690 JavaThread "Unconstrained build operations Thread 35"        [_thread_blocked, id=7960, stack(0x0000005db4b00000,0x0000005db4c00000) (1024K)]
  0x00000167b66e2970 JavaThread "Unconstrained build operations Thread 36"        [_thread_blocked, id=27784, stack(0x0000005db4c00000,0x0000005db4d00000) (1024K)]
  0x00000167b66e15c0 JavaThread "Unconstrained build operations Thread 37"        [_thread_blocked, id=32916, stack(0x0000005db4d00000,0x0000005db4e00000) (1024K)]
  0x00000167b66e3000 JavaThread "Unconstrained build operations Thread 38"        [_thread_blocked, id=29516, stack(0x0000005db4e00000,0x0000005db4f00000) (1024K)]
  0x00000167b66e0f30 JavaThread "Unconstrained build operations Thread 39"        [_thread_blocked, id=26808, stack(0x0000005db4f00000,0x0000005db5000000) (1024K)]
  0x00000167b66e0210 JavaThread "Unconstrained build operations Thread 40"        [_thread_blocked, id=10040, stack(0x0000005db5000000,0x0000005db5100000) (1024K)]
  0x00000167b66e22e0 JavaThread "Unconstrained build operations Thread 41"        [_thread_blocked, id=8788, stack(0x0000005db5100000,0x0000005db5200000) (1024K)]
  0x00000167b66e08a0 JavaThread "Unconstrained build operations Thread 42"        [_thread_blocked, id=21524, stack(0x0000005db5200000,0x0000005db5300000) (1024K)]
  0x00000167b6733ff0 JavaThread "Unconstrained build operations Thread 43"        [_thread_blocked, id=936, stack(0x0000005db5300000,0x0000005db5400000) (1024K)]
  0x00000167b6732c40 JavaThread "Unconstrained build operations Thread 44"        [_thread_blocked, id=22688, stack(0x0000005db5400000,0x0000005db5500000) (1024K)]
  0x00000167b6fe1cc0 JavaThread "WorkerExecutor Queue"              [_thread_blocked, id=15056, stack(0x0000005db0c00000,0x0000005db0d00000) (1024K)]
  0x00000167b6fe29e0 JavaThread "Unconstrained build operations Thread 45"        [_thread_blocked, id=12376, stack(0x0000005db3900000,0x0000005db3a00000) (1024K)]
  0x00000167b6fe2350 JavaThread "Unconstrained build operations Thread 46"        [_thread_blocked, id=30048, stack(0x0000005db5500000,0x0000005db5600000) (1024K)]
  0x00000167b6fe3070 JavaThread "Unconstrained build operations Thread 47"        [_thread_blocked, id=30428, stack(0x0000005db5700000,0x0000005db5800000) (1024K)]
  0x00000167b6fe0280 JavaThread "Unconstrained build operations Thread 48"        [_thread_blocked, id=20924, stack(0x0000005db5800000,0x0000005db5900000) (1024K)]
  0x00000167b6fe3d90 JavaThread "Unconstrained build operations Thread 49"        [_thread_blocked, id=13480, stack(0x0000005db5900000,0x0000005db5a00000) (1024K)]
  0x00000167b6fe4420 JavaThread "Unconstrained build operations Thread 50"        [_thread_blocked, id=35772, stack(0x0000005db5a00000,0x0000005db5b00000) (1024K)]
  0x00000167b6fe0fa0 JavaThread "Unconstrained build operations Thread 51"        [_thread_blocked, id=16704, stack(0x0000005db5b00000,0x0000005db5c00000) (1024K)]
  0x00000167b6fe5140 JavaThread "Unconstrained build operations Thread 52"        [_thread_blocked, id=25108, stack(0x0000005db5c00000,0x0000005db5d00000) (1024K)]
  0x00000167b6fe57d0 JavaThread "Unconstrained build operations Thread 53"        [_thread_blocked, id=17976, stack(0x0000005db5d00000,0x0000005db5e00000) (1024K)]
  0x00000167b6fe5e60 JavaThread "Unconstrained build operations Thread 54"        [_thread_blocked, id=29868, stack(0x0000005db5e00000,0x0000005db5f00000) (1024K)]
  0x00000167b6fe4ab0 JavaThread "Unconstrained build operations Thread 55"        [_thread_blocked, id=1424, stack(0x0000005db5f00000,0x0000005db6000000) (1024K)]
  0x00000167b6fcdac0 JavaThread "C2 CompilerThread1"         daemon [_thread_in_native, id=27064, stack(0x0000005db5600000,0x0000005db5700000) (1024K)]
=>0x00000167b6fd3350 JavaThread "C2 CompilerThread2"         daemon [_thread_in_native, id=24508, stack(0x0000005db6000000,0x0000005db6100000) (1024K)]
Total: 109

Other Threads:
  0x00000167abf44a40 VMThread "VM Thread"                           [id=6952, stack(0x0000005dae900000,0x0000005daea00000) (1024K)]
  0x00000167ac0019e0 WatcherThread "VM Periodic Task Thread"        [id=10220, stack(0x0000005dae800000,0x0000005dae900000) (1024K)]
  0x0000016794494e50 WorkerThread "GC Thread#0"                     [id=23868, stack(0x0000005dae300000,0x0000005dae400000) (1024K)]
  0x00000167ac8082e0 WorkerThread "GC Thread#1"                     [id=34868, stack(0x0000005daf600000,0x0000005daf700000) (1024K)]
  0x00000167ac94e210 WorkerThread "GC Thread#2"                     [id=9304, stack(0x0000005daf700000,0x0000005daf800000) (1024K)]
  0x00000167ac793310 WorkerThread "GC Thread#3"                     [id=18176, stack(0x0000005daf800000,0x0000005daf900000) (1024K)]
  0x00000167ac7936b0 WorkerThread "GC Thread#4"                     [id=30664, stack(0x0000005daf900000,0x0000005dafa00000) (1024K)]
  0x00000167b20cc000 WorkerThread "GC Thread#5"                     [id=4724, stack(0x0000005daf400000,0x0000005daf500000) (1024K)]
  0x00000167b24a4080 WorkerThread "GC Thread#6"                     [id=7144, stack(0x0000005db0400000,0x0000005db0500000) (1024K)]
  0x00000167b23ed6a0 WorkerThread "GC Thread#7"                     [id=24544, stack(0x0000005db0500000,0x0000005db0600000) (1024K)]
  0x00000167b2407630 WorkerThread "GC Thread#8"                     [id=26352, stack(0x0000005db0600000,0x0000005db0700000) (1024K)]
  0x00000167b2406070 WorkerThread "GC Thread#9"                     [id=17252, stack(0x0000005db0700000,0x0000005db0800000) (1024K)]
  0x00000167944a5d40 ConcurrentGCThread "G1 Main Marker"            [id=24828, stack(0x0000005dae400000,0x0000005dae500000) (1024K)]
  0x00000167944a7590 WorkerThread "G1 Conc#0"                       [id=26568, stack(0x0000005dae500000,0x0000005dae600000) (1024K)]
  0x00000167b2406b50 WorkerThread "G1 Conc#1"                       [id=34852, stack(0x0000005db0800000,0x0000005db0900000) (1024K)]
  0x00000167b2405cd0 WorkerThread "G1 Conc#2"                       [id=408, stack(0x0000005db0900000,0x0000005db0a00000) (1024K)]
  0x00000167abe526d0 ConcurrentGCThread "G1 Refine#0"               [id=7820, stack(0x0000005dae600000,0x0000005dae700000) (1024K)]
  0x00000167abe52ef0 ConcurrentGCThread "G1 Service"                [id=31240, stack(0x0000005dae700000,0x0000005dae800000) (1024K)]
Total: 18

Threads with active compile tasks:
C2 CompilerThread1  60307 15493       4       com.android.ide.common.resources.ValueResourceParser2::getResource (73 bytes)
C2 CompilerThread2  60307 15448       4       com.sun.org.apache.xerces.internal.impl.XMLNSDocumentScannerImpl::scanStartElement (1031 bytes)
Total: 2

VM state: not at safepoint (normal execution)

VM Mutex/Monitor currently owned by a thread: None

Heap address: 0x0000000080000000, size: 2048 MB, Compressed Oops mode: 32-bit

CDS archive(s) not mapped
Compressed class space mapped at: 0x0000000100000000-0x0000000140000000, reserved size: 1073741824
Narrow klass base: 0x0000000000000000, Narrow klass shift: 3, Narrow klass range: 0x140000000

GC Precious Log:
 CardTable entry size: 512
 Card Set container configuration: InlinePtr #cards 5 size 8 Array Of Cards #cards 12 size 40 Howl #buckets 4 coarsen threshold 1843 Howl Bitmap #cards 512 size 80 coarsen threshold 460 Card regions per heap region 1 cards per card region 2048
 CPUs: 12 total, 12 available
 Memory: 15708M
 Large Page Support: Disabled
 NUMA Support: Disabled
 Compressed Oops: Enabled (32-bit)
 Heap Region Size: 1M
 Heap Min Capacity: 8M
 Heap Initial Capacity: 246M
 Heap Max Capacity: 2G
 Pre-touch: Disabled
 Parallel Workers: 10
 Concurrent Workers: 3
 Concurrent Refinement Workers: 10
 Periodic GC: Disabled

Heap:
 garbage-first heap   total 201728K, used 159304K [0x0000000080000000, 0x0000000100000000)
  region size 1024K, 47 young (48128K), 7 survivors (7168K)
 Metaspace       used 121096K, committed 123328K, reserved 1179648K
  class space    used 16256K, committed 17408K, reserved 1048576K

Heap Regions: E=young(eden), S=young(survivor), O=old, HS=humongous(starts), HC=humongous(continues), CS=collection set, F=free, TAMS=top-at-mark-start, PB=parsable bottom
|   0|0x0000000080000000, 0x0000000080100000, 0x0000000080100000|100%| O|  |TAMS 0x0000000080000000| PB 0x0000000080000000| Untracked 
|   1|0x0000000080100000, 0x0000000080200000, 0x0000000080200000|100%|HS|  |TAMS 0x0000000080100000| PB 0x0000000080100000| Complete 
|   2|0x0000000080200000, 0x0000000080300000, 0x0000000080300000|100%|HC|  |TAMS 0x0000000080200000| PB 0x0000000080200000| Complete 
|   3|0x0000000080300000, 0x0000000080400000, 0x0000000080400000|100%|HC|  |TAMS 0x0000000080300000| PB 0x0000000080300000| Complete 
|   4|0x0000000080400000, 0x0000000080500000, 0x0000000080500000|100%| O|  |TAMS 0x0000000080400000| PB 0x0000000080400000| Untracked 
|   5|0x0000000080500000, 0x0000000080600000, 0x0000000080600000|100%| O|  |TAMS 0x0000000080500000| PB 0x0000000080500000| Untracked 
|   6|0x0000000080600000, 0x0000000080700000, 0x0000000080700000|100%| O|  |TAMS 0x0000000080600000| PB 0x0000000080600000| Untracked 
|   7|0x0000000080700000, 0x0000000080800000, 0x0000000080800000|100%|HS|  |TAMS 0x0000000080700000| PB 0x0000000080700000| Complete 
|   8|0x0000000080800000, 0x0000000080900000, 0x0000000080900000|100%| O|  |TAMS 0x0000000080800000| PB 0x0000000080800000| Untracked 
|   9|0x0000000080900000, 0x0000000080a00000, 0x0000000080a00000|100%| O|  |TAMS 0x0000000080900000| PB 0x0000000080900000| Untracked 
|  10|0x0000000080a00000, 0x0000000080b00000, 0x0000000080b00000|100%| O|  |TAMS 0x0000000080a00000| PB 0x0000000080a00000| Untracked 
|  11|0x0000000080b00000, 0x0000000080c00000, 0x0000000080c00000|100%| O|  |TAMS 0x0000000080b00000| PB 0x0000000080b00000| Untracked 
|  12|0x0000000080c00000, 0x0000000080d00000, 0x0000000080d00000|100%| O|  |TAMS 0x0000000080c00000| PB 0x0000000080c00000| Untracked 
|  13|0x0000000080d00000, 0x0000000080e00000, 0x0000000080e00000|100%| O|  |TAMS 0x0000000080d00000| PB 0x0000000080d00000| Untracked 
|  14|0x0000000080e00000, 0x0000000080f00000, 0x0000000080f00000|100%| O|  |TAMS 0x0000000080e00000| PB 0x0000000080e00000| Untracked 
|  15|0x0000000080f00000, 0x0000000081000000, 0x0000000081000000|100%| O|  |TAMS 0x0000000080f00000| PB 0x0000000080f00000| Untracked 
|  16|0x0000000081000000, 0x0000000081100000, 0x0000000081100000|100%| O|  |TAMS 0x0000000081000000| PB 0x0000000081000000| Untracked 
|  17|0x0000000081100000, 0x0000000081200000, 0x0000000081200000|100%| O|  |TAMS 0x0000000081100000| PB 0x0000000081100000| Untracked 
|  18|0x0000000081200000, 0x0000000081300000, 0x0000000081300000|100%| O|  |TAMS 0x0000000081200000| PB 0x0000000081200000| Untracked 
|  19|0x0000000081300000, 0x0000000081400000, 0x0000000081400000|100%| O|  |TAMS 0x0000000081300000| PB 0x0000000081300000| Untracked 
|  20|0x0000000081400000, 0x0000000081500000, 0x0000000081500000|100%| O|  |TAMS 0x0000000081400000| PB 0x0000000081400000| Untracked 
|  21|0x0000000081500000, 0x0000000081600000, 0x0000000081600000|100%| O|  |TAMS 0x0000000081500000| PB 0x0000000081500000| Untracked 
|  22|0x0000000081600000, 0x0000000081700000, 0x0000000081700000|100%|HS|  |TAMS 0x0000000081600000| PB 0x0000000081600000| Complete 
|  23|0x0000000081700000, 0x0000000081800000, 0x0000000081800000|100%| O|  |TAMS 0x0000000081700000| PB 0x0000000081700000| Untracked 
|  24|0x0000000081800000, 0x0000000081900000, 0x0000000081900000|100%| O|  |TAMS 0x0000000081800000| PB 0x0000000081800000| Untracked 
|  25|0x0000000081900000, 0x0000000081a00000, 0x0000000081a00000|100%| O|  |TAMS 0x0000000081900000| PB 0x0000000081900000| Untracked 
|  26|0x0000000081a00000, 0x0000000081b00000, 0x0000000081b00000|100%| O|  |TAMS 0x0000000081a00000| PB 0x0000000081a00000| Untracked 
|  27|0x0000000081b00000, 0x0000000081c00000, 0x0000000081c00000|100%| O|  |TAMS 0x0000000081b00000| PB 0x0000000081b00000| Untracked 
|  28|0x0000000081c00000, 0x0000000081d00000, 0x0000000081d00000|100%| O|  |TAMS 0x0000000081c00000| PB 0x0000000081c00000| Untracked 
|  29|0x0000000081d00000, 0x0000000081e00000, 0x0000000081e00000|100%| O|  |TAMS 0x0000000081d00000| PB 0x0000000081d00000| Untracked 
|  30|0x0000000081e00000, 0x0000000081f00000, 0x0000000081f00000|100%| O|  |TAMS 0x0000000081e00000| PB 0x0000000081e00000| Untracked 
|  31|0x0000000081f00000, 0x0000000082000000, 0x0000000082000000|100%| O|  |TAMS 0x0000000081f00000| PB 0x0000000081f00000| Untracked 
|  32|0x0000000082000000, 0x0000000082100000, 0x0000000082100000|100%| O|  |TAMS 0x0000000082000000| PB 0x0000000082000000| Untracked 
|  33|0x0000000082100000, 0x0000000082200000, 0x0000000082200000|100%| O|  |TAMS 0x0000000082100000| PB 0x0000000082100000| Untracked 
|  34|0x0000000082200000, 0x0000000082300000, 0x0000000082300000|100%| O|  |TAMS 0x0000000082200000| PB 0x0000000082200000| Untracked 
|  35|0x0000000082300000, 0x0000000082400000, 0x0000000082400000|100%| O|  |TAMS 0x0000000082300000| PB 0x0000000082300000| Untracked 
|  36|0x0000000082400000, 0x0000000082500000, 0x0000000082500000|100%| O|  |TAMS 0x0000000082400000| PB 0x0000000082400000| Untracked 
|  37|0x0000000082500000, 0x0000000082600000, 0x0000000082600000|100%| O|  |TAMS 0x0000000082500000| PB 0x0000000082500000| Untracked 
|  38|0x0000000082600000, 0x0000000082700000, 0x0000000082700000|100%| O|  |TAMS 0x0000000082600000| PB 0x0000000082600000| Untracked 
|  39|0x0000000082700000, 0x0000000082800000, 0x0000000082800000|100%| O|  |TAMS 0x0000000082700000| PB 0x0000000082700000| Untracked 
|  40|0x0000000082800000, 0x0000000082900000, 0x0000000082900000|100%| O|  |TAMS 0x0000000082800000| PB 0x0000000082800000| Untracked 
|  41|0x0000000082900000, 0x0000000082a00000, 0x0000000082a00000|100%| O|  |TAMS 0x0000000082900000| PB 0x0000000082900000| Untracked 
|  42|0x0000000082a00000, 0x0000000082b00000, 0x0000000082b00000|100%| O|  |TAMS 0x0000000082a00000| PB 0x0000000082a00000| Untracked 
|  43|0x0000000082b00000, 0x0000000082c00000, 0x0000000082c00000|100%|HS|  |TAMS 0x0000000082b00000| PB 0x0000000082b00000| Complete 
|  44|0x0000000082c00000, 0x0000000082d00000, 0x0000000082d00000|100%| O|  |TAMS 0x0000000082c00000| PB 0x0000000082c00000| Untracked 
|  45|0x0000000082d00000, 0x0000000082e00000, 0x0000000082e00000|100%| O|Cm|TAMS 0x0000000082d00000| PB 0x0000000082d00000| Complete 
|  46|0x0000000082e00000, 0x0000000082f00000, 0x0000000082f00000|100%|HS|  |TAMS 0x0000000082e00000| PB 0x0000000082e00000| Complete 
|  47|0x0000000082f00000, 0x0000000083000000, 0x0000000083000000|100%|HC|  |TAMS 0x0000000082f00000| PB 0x0000000082f00000| Complete 
|  48|0x0000000083000000, 0x0000000083100000, 0x0000000083100000|100%|HS|  |TAMS 0x0000000083000000| PB 0x0000000083000000| Complete 
|  49|0x0000000083100000, 0x0000000083200000, 0x0000000083200000|100%|HC|  |TAMS 0x0000000083100000| PB 0x0000000083100000| Complete 
|  50|0x0000000083200000, 0x0000000083300000, 0x0000000083300000|100%|HS|  |TAMS 0x0000000083200000| PB 0x0000000083200000| Complete 
|  51|0x0000000083300000, 0x0000000083400000, 0x0000000083400000|100%|HS|  |TAMS 0x0000000083300000| PB 0x0000000083300000| Complete 
|  52|0x0000000083400000, 0x0000000083500000, 0x0000000083500000|100%| O|  |TAMS 0x0000000083400000| PB 0x0000000083400000| Untracked 
|  53|0x0000000083500000, 0x0000000083600000, 0x0000000083600000|100%| O|  |TAMS 0x0000000083500000| PB 0x0000000083500000| Untracked 
|  54|0x0000000083600000, 0x0000000083700000, 0x0000000083700000|100%|HS|  |TAMS 0x0000000083600000| PB 0x0000000083600000| Complete 
|  55|0x0000000083700000, 0x0000000083800000, 0x0000000083800000|100%| O|  |TAMS 0x0000000083700000| PB 0x0000000083700000| Untracked 
|  56|0x0000000083800000, 0x0000000083900000, 0x0000000083900000|100%| O|  |TAMS 0x0000000083800000| PB 0x0000000083800000| Untracked 
|  57|0x0000000083900000, 0x0000000083a00000, 0x0000000083a00000|100%|HS|  |TAMS 0x0000000083900000| PB 0x0000000083900000| Complete 
|  58|0x0000000083a00000, 0x0000000083b00000, 0x0000000083b00000|100%|HC|  |TAMS 0x0000000083a00000| PB 0x0000000083a00000| Complete 
|  59|0x0000000083b00000, 0x0000000083c00000, 0x0000000083c00000|100%|HC|  |TAMS 0x0000000083b00000| PB 0x0000000083b00000| Complete 
|  60|0x0000000083c00000, 0x0000000083d00000, 0x0000000083d00000|100%| O|  |TAMS 0x0000000083c00000| PB 0x0000000083c00000| Untracked 
|  61|0x0000000083d00000, 0x0000000083e00000, 0x0000000083e00000|100%| O|  |TAMS 0x0000000083d00000| PB 0x0000000083d00000| Untracked 
|  62|0x0000000083e00000, 0x0000000083f00000, 0x0000000083f00000|100%| O|  |TAMS 0x0000000083e00000| PB 0x0000000083e00000| Untracked 
|  63|0x0000000083f00000, 0x0000000084000000, 0x0000000084000000|100%| O|  |TAMS 0x0000000083f00000| PB 0x0000000083f00000| Untracked 
|  64|0x0000000084000000, 0x0000000084100000, 0x0000000084100000|100%|HS|  |TAMS 0x0000000084000000| PB 0x0000000084000000| Complete 
|  65|0x0000000084100000, 0x0000000084200000, 0x0000000084200000|100%| O|  |TAMS 0x0000000084100000| PB 0x0000000084100000| Untracked 
|  66|0x0000000084200000, 0x0000000084300000, 0x0000000084300000|100%| O|  |TAMS 0x0000000084200000| PB 0x0000000084200000| Untracked 
|  67|0x0000000084300000, 0x0000000084400000, 0x0000000084400000|100%| O|  |TAMS 0x0000000084300000| PB 0x0000000084300000| Untracked 
|  68|0x0000000084400000, 0x0000000084500000, 0x0000000084500000|100%| O|  |TAMS 0x0000000084400000| PB 0x0000000084400000| Untracked 
|  69|0x0000000084500000, 0x0000000084600000, 0x0000000084600000|100%|HS|  |TAMS 0x0000000084500000| PB 0x0000000084500000| Complete 
|  70|0x0000000084600000, 0x0000000084700000, 0x0000000084700000|100%| O|  |TAMS 0x0000000084600000| PB 0x0000000084600000| Untracked 
|  71|0x0000000084700000, 0x0000000084800000, 0x0000000084800000|100%| O|  |TAMS 0x0000000084700000| PB 0x0000000084700000| Untracked 
|  72|0x0000000084800000, 0x0000000084900000, 0x0000000084900000|100%| O|  |TAMS 0x0000000084800000| PB 0x0000000084800000| Untracked 
|  73|0x0000000084900000, 0x0000000084a00000, 0x0000000084a00000|100%| O|  |TAMS 0x0000000084900000| PB 0x0000000084900000| Untracked 
|  74|0x0000000084a00000, 0x0000000084b00000, 0x0000000084b00000|100%| O|  |TAMS 0x0000000084a00000| PB 0x0000000084a00000| Untracked 
|  75|0x0000000084b00000, 0x0000000084c00000, 0x0000000084c00000|100%|HS|  |TAMS 0x0000000084b00000| PB 0x0000000084b00000| Complete 
|  76|0x0000000084c00000, 0x0000000084d00000, 0x0000000084d00000|100%|HC|  |TAMS 0x0000000084c00000| PB 0x0000000084c00000| Complete 
|  77|0x0000000084d00000, 0x0000000084e00000, 0x0000000084e00000|100%|HC|  |TAMS 0x0000000084d00000| PB 0x0000000084d00000| Complete 
|  78|0x0000000084e00000, 0x0000000084f00000, 0x0000000084f00000|100%| O|  |TAMS 0x0000000084e00000| PB 0x0000000084e00000| Untracked 
|  79|0x0000000084f00000, 0x0000000085000000, 0x0000000085000000|100%| O|  |TAMS 0x0000000084f00000| PB 0x0000000084f00000| Untracked 
|  80|0x0000000085000000, 0x0000000085100000, 0x0000000085100000|100%| O|  |TAMS 0x0000000085000000| PB 0x0000000085000000| Untracked 
|  81|0x0000000085100000, 0x0000000085200000, 0x0000000085200000|100%| O|  |TAMS 0x0000000085100000| PB 0x0000000085100000| Untracked 
|  82|0x0000000085200000, 0x0000000085300000, 0x0000000085300000|100%| O|  |TAMS 0x0000000085200000| PB 0x0000000085200000| Untracked 
|  83|0x0000000085300000, 0x0000000085400000, 0x0000000085400000|100%| O|  |TAMS 0x0000000085300000| PB 0x0000000085300000| Untracked 
|  84|0x0000000085400000, 0x0000000085400000, 0x0000000085500000|  0%| F|  |TAMS 0x0000000085400000| PB 0x0000000085400000| Untracked 
|  85|0x0000000085500000, 0x0000000085600000, 0x0000000085600000|100%| O|  |TAMS 0x0000000085500000| PB 0x0000000085500000| Untracked 
|  86|0x0000000085600000, 0x0000000085700000, 0x0000000085700000|100%| O|  |TAMS 0x0000000085600000| PB 0x0000000085600000| Untracked 
|  87|0x0000000085700000, 0x0000000085800000, 0x0000000085800000|100%| O|  |TAMS 0x0000000085700000| PB 0x0000000085700000| Untracked 
|  88|0x0000000085800000, 0x0000000085900000, 0x0000000085900000|100%| O|  |TAMS 0x0000000085800000| PB 0x0000000085800000| Untracked 
|  89|0x0000000085900000, 0x0000000085a00000, 0x0000000085a00000|100%| O|  |TAMS 0x0000000085900000| PB 0x0000000085900000| Untracked 
|  90|0x0000000085a00000, 0x0000000085b00000, 0x0000000085b00000|100%| O|  |TAMS 0x0000000085a00000| PB 0x0000000085a00000| Untracked 
|  91|0x0000000085b00000, 0x0000000085c00000, 0x0000000085c00000|100%| O|  |TAMS 0x0000000085b00000| PB 0x0000000085b00000| Untracked 
|  92|0x0000000085c00000, 0x0000000085d00000, 0x0000000085d00000|100%| O|  |TAMS 0x0000000085c00000| PB 0x0000000085c00000| Untracked 
|  93|0x0000000085d00000, 0x0000000085e00000, 0x0000000085e00000|100%| O|  |TAMS 0x0000000085d00000| PB 0x0000000085d00000| Untracked 
|  94|0x0000000085e00000, 0x0000000085f00000, 0x0000000085f00000|100%| O|  |TAMS 0x0000000085e00000| PB 0x0000000085e00000| Untracked 
|  95|0x0000000085f00000, 0x0000000086000000, 0x0000000086000000|100%| O|  |TAMS 0x0000000085f00000| PB 0x0000000085f00000| Untracked 
|  96|0x0000000086000000, 0x0000000086100000, 0x0000000086100000|100%| O|  |TAMS 0x0000000086000000| PB 0x0000000086000000| Untracked 
|  97|0x0000000086100000, 0x0000000086200000, 0x0000000086200000|100%| O|  |TAMS 0x0000000086100000| PB 0x0000000086100000| Untracked 
|  98|0x0000000086200000, 0x0000000086300000, 0x0000000086300000|100%| O|  |TAMS 0x0000000086200000| PB 0x0000000086200000| Untracked 
|  99|0x0000000086300000, 0x0000000086400000, 0x0000000086400000|100%| O|  |TAMS 0x0000000086300000| PB 0x0000000086300000| Untracked 
| 100|0x0000000086400000, 0x0000000086500000, 0x0000000086500000|100%| O|  |TAMS 0x0000000086400000| PB 0x0000000086400000| Untracked 
| 101|0x0000000086500000, 0x0000000086600000, 0x0000000086600000|100%| O|  |TAMS 0x0000000086500000| PB 0x0000000086500000| Untracked 
| 102|0x0000000086600000, 0x0000000086700000, 0x0000000086700000|100%| O|  |TAMS 0x0000000086600000| PB 0x0000000086600000| Untracked 
| 103|0x0000000086700000, 0x0000000086700000, 0x0000000086800000|  0%| F|  |TAMS 0x0000000086700000| PB 0x0000000086700000| Untracked 
| 104|0x0000000086800000, 0x0000000086900000, 0x0000000086900000|100%| O|  |TAMS 0x0000000086800000| PB 0x0000000086800000| Untracked 
| 105|0x0000000086900000, 0x0000000086a00000, 0x0000000086a00000|100%| O|  |TAMS 0x0000000086900000| PB 0x0000000086900000| Untracked 
| 106|0x0000000086a00000, 0x0000000086b00000, 0x0000000086b00000|100%| O|  |TAMS 0x0000000086a00000| PB 0x0000000086a00000| Untracked 
| 107|0x0000000086b00000, 0x0000000086c00000, 0x0000000086c00000|100%| O|Cm|TAMS 0x0000000086b00000| PB 0x0000000086b00000| Complete 
| 108|0x0000000086c00000, 0x0000000086d00000, 0x0000000086d00000|100%| O|  |TAMS 0x0000000086c00000| PB 0x0000000086c00000| Untracked 
| 109|0x0000000086d00000, 0x0000000086df9690, 0x0000000086e00000| 97%| O|  |TAMS 0x0000000086d00000| PB 0x0000000086d00000| Untracked 
| 110|0x0000000086e00000, 0x0000000086e00000, 0x0000000086f00000|  0%| F|  |TAMS 0x0000000086e00000| PB 0x0000000086e00000| Untracked 
| 111|0x0000000086f00000, 0x0000000086f00000, 0x0000000087000000|  0%| F|  |TAMS 0x0000000086f00000| PB 0x0000000086f00000| Untracked 
| 112|0x0000000087000000, 0x0000000087000000, 0x0000000087100000|  0%| F|  |TAMS 0x0000000087000000| PB 0x0000000087000000| Untracked 
| 113|0x0000000087100000, 0x0000000087100000, 0x0000000087200000|  0%| F|  |TAMS 0x0000000087100000| PB 0x0000000087100000| Untracked 
| 114|0x0000000087200000, 0x0000000087300000, 0x0000000087300000|100%| O|  |TAMS 0x0000000087200000| PB 0x0000000087200000| Untracked 
| 115|0x0000000087300000, 0x0000000087400000, 0x0000000087400000|100%| O|  |TAMS 0x0000000087300000| PB 0x0000000087300000| Untracked 
| 116|0x0000000087400000, 0x0000000087500000, 0x0000000087500000|100%| O|Cm|TAMS 0x0000000087400000| PB 0x0000000087400000| Complete 
| 117|0x0000000087500000, 0x0000000087500000, 0x0000000087600000|  0%| F|  |TAMS 0x0000000087500000| PB 0x0000000087500000| Untracked 
| 118|0x0000000087600000, 0x0000000087600000, 0x0000000087700000|  0%| F|  |TAMS 0x0000000087600000| PB 0x0000000087600000| Untracked 
| 119|0x0000000087700000, 0x0000000087700000, 0x0000000087800000|  0%| F|  |TAMS 0x0000000087700000| PB 0x0000000087700000| Untracked 
| 120|0x0000000087800000, 0x0000000087898d40, 0x0000000087900000| 59%| S|CS|TAMS 0x0000000087800000| PB 0x0000000087800000| Complete 
| 121|0x0000000087900000, 0x0000000087a00000, 0x0000000087a00000|100%| S|CS|TAMS 0x0000000087900000| PB 0x0000000087900000| Complete 
| 122|0x0000000087a00000, 0x0000000087b00000, 0x0000000087b00000|100%| S|CS|TAMS 0x0000000087a00000| PB 0x0000000087a00000| Complete 
| 123|0x0000000087b00000, 0x0000000087c00000, 0x0000000087c00000|100%| S|CS|TAMS 0x0000000087b00000| PB 0x0000000087b00000| Complete 
| 124|0x0000000087c00000, 0x0000000087c00000, 0x0000000087d00000|  0%| F|  |TAMS 0x0000000087c00000| PB 0x0000000087c00000| Untracked 
| 125|0x0000000087d00000, 0x0000000087d00000, 0x0000000087e00000|  0%| F|  |TAMS 0x0000000087d00000| PB 0x0000000087d00000| Untracked 
| 126|0x0000000087e00000, 0x0000000087e00000, 0x0000000087f00000|  0%| F|  |TAMS 0x0000000087e00000| PB 0x0000000087e00000| Untracked 
| 127|0x0000000087f00000, 0x0000000087f00000, 0x0000000088000000|  0%| F|  |TAMS 0x0000000087f00000| PB 0x0000000087f00000| Untracked 
| 128|0x0000000088000000, 0x0000000088000000, 0x0000000088100000|  0%| F|  |TAMS 0x0000000088000000| PB 0x0000000088000000| Untracked 
| 129|0x0000000088100000, 0x0000000088200000, 0x0000000088200000|100%| S|CS|TAMS 0x0000000088100000| PB 0x0000000088100000| Complete 
| 130|0x0000000088200000, 0x0000000088300000, 0x0000000088300000|100%| S|CS|TAMS 0x0000000088200000| PB 0x0000000088200000| Complete 
| 131|0x0000000088300000, 0x0000000088400000, 0x0000000088400000|100%| S|CS|TAMS 0x0000000088300000| PB 0x0000000088300000| Complete 
| 132|0x0000000088400000, 0x0000000088400000, 0x0000000088500000|  0%| F|  |TAMS 0x0000000088400000| PB 0x0000000088400000| Untracked 
| 133|0x0000000088500000, 0x0000000088500000, 0x0000000088600000|  0%| F|  |TAMS 0x0000000088500000| PB 0x0000000088500000| Untracked 
| 134|0x0000000088600000, 0x0000000088600000, 0x0000000088700000|  0%| F|  |TAMS 0x0000000088600000| PB 0x0000000088600000| Untracked 
| 135|0x0000000088700000, 0x0000000088700000, 0x0000000088800000|  0%| F|  |TAMS 0x0000000088700000| PB 0x0000000088700000| Untracked 
| 136|0x0000000088800000, 0x0000000088800000, 0x0000000088900000|  0%| F|  |TAMS 0x0000000088800000| PB 0x0000000088800000| Untracked 
| 137|0x0000000088900000, 0x0000000088900000, 0x0000000088a00000|  0%| F|  |TAMS 0x0000000088900000| PB 0x0000000088900000| Untracked 
| 138|0x0000000088a00000, 0x0000000088a00000, 0x0000000088b00000|  0%| F|  |TAMS 0x0000000088a00000| PB 0x0000000088a00000| Untracked 
| 139|0x0000000088b00000, 0x0000000088b00000, 0x0000000088c00000|  0%| F|  |TAMS 0x0000000088b00000| PB 0x0000000088b00000| Untracked 
| 140|0x0000000088c00000, 0x0000000088c00000, 0x0000000088d00000|  0%| F|  |TAMS 0x0000000088c00000| PB 0x0000000088c00000| Untracked 
| 141|0x0000000088d00000, 0x0000000088d00000, 0x0000000088e00000|  0%| F|  |TAMS 0x0000000088d00000| PB 0x0000000088d00000| Untracked 
| 142|0x0000000088e00000, 0x0000000088e00000, 0x0000000088f00000|  0%| F|  |TAMS 0x0000000088e00000| PB 0x0000000088e00000| Untracked 
| 143|0x0000000088f00000, 0x0000000088f00000, 0x0000000089000000|  0%| F|  |TAMS 0x0000000088f00000| PB 0x0000000088f00000| Untracked 
| 144|0x0000000089000000, 0x0000000089000000, 0x0000000089100000|  0%| F|  |TAMS 0x0000000089000000| PB 0x0000000089000000| Untracked 
| 145|0x0000000089100000, 0x0000000089100000, 0x0000000089200000|  0%| F|  |TAMS 0x0000000089100000| PB 0x0000000089100000| Untracked 
| 146|0x0000000089200000, 0x0000000089200000, 0x0000000089300000|  0%| F|  |TAMS 0x0000000089200000| PB 0x0000000089200000| Untracked 
| 147|0x0000000089300000, 0x0000000089300000, 0x0000000089400000|  0%| F|  |TAMS 0x0000000089300000| PB 0x0000000089300000| Untracked 
| 148|0x0000000089400000, 0x0000000089400000, 0x0000000089500000|  0%| F|  |TAMS 0x0000000089400000| PB 0x0000000089400000| Untracked 
| 149|0x0000000089500000, 0x0000000089500000, 0x0000000089600000|  0%| F|  |TAMS 0x0000000089500000| PB 0x0000000089500000| Untracked 
| 150|0x0000000089600000, 0x0000000089600000, 0x0000000089700000|  0%| F|  |TAMS 0x0000000089600000| PB 0x0000000089600000| Untracked 
| 151|0x0000000089700000, 0x0000000089700000, 0x0000000089800000|  0%| F|  |TAMS 0x0000000089700000| PB 0x0000000089700000| Untracked 
| 152|0x0000000089800000, 0x0000000089800000, 0x0000000089900000|  0%| F|  |TAMS 0x0000000089800000| PB 0x0000000089800000| Untracked 
| 153|0x0000000089900000, 0x0000000089900000, 0x0000000089a00000|  0%| F|  |TAMS 0x0000000089900000| PB 0x0000000089900000| Untracked 
| 154|0x0000000089a00000, 0x0000000089a00000, 0x0000000089b00000|  0%| F|  |TAMS 0x0000000089a00000| PB 0x0000000089a00000| Untracked 
| 155|0x0000000089b00000, 0x0000000089b00000, 0x0000000089c00000|  0%| F|  |TAMS 0x0000000089b00000| PB 0x0000000089b00000| Untracked 
| 156|0x0000000089c00000, 0x0000000089c00000, 0x0000000089d00000|  0%| F|  |TAMS 0x0000000089c00000| PB 0x0000000089c00000| Untracked 
| 157|0x0000000089d00000, 0x0000000089dc6980, 0x0000000089e00000| 77%| E|  |TAMS 0x0000000089d00000| PB 0x0000000089d00000| Complete 
| 158|0x0000000089e00000, 0x0000000089f00000, 0x0000000089f00000|100%| E|CS|TAMS 0x0000000089e00000| PB 0x0000000089e00000| Complete 
| 159|0x0000000089f00000, 0x000000008a000000, 0x000000008a000000|100%| E|CS|TAMS 0x0000000089f00000| PB 0x0000000089f00000| Complete 
| 160|0x000000008a000000, 0x000000008a100000, 0x000000008a100000|100%| E|CS|TAMS 0x000000008a000000| PB 0x000000008a000000| Complete 
| 161|0x000000008a100000, 0x000000008a200000, 0x000000008a200000|100%| E|CS|TAMS 0x000000008a100000| PB 0x000000008a100000| Complete 
| 162|0x000000008a200000, 0x000000008a300000, 0x000000008a300000|100%| E|  |TAMS 0x000000008a200000| PB 0x000000008a200000| Complete 
| 163|0x000000008a300000, 0x000000008a400000, 0x000000008a400000|100%| E|CS|TAMS 0x000000008a300000| PB 0x000000008a300000| Complete 
| 164|0x000000008a400000, 0x000000008a500000, 0x000000008a500000|100%| E|CS|TAMS 0x000000008a400000| PB 0x000000008a400000| Complete 
| 165|0x000000008a500000, 0x000000008a600000, 0x000000008a600000|100%| E|CS|TAMS 0x000000008a500000| PB 0x000000008a500000| Complete 
| 166|0x000000008a600000, 0x000000008a700000, 0x000000008a700000|100%| E|CS|TAMS 0x000000008a600000| PB 0x000000008a600000| Complete 
| 167|0x000000008a700000, 0x000000008a800000, 0x000000008a800000|100%| E|CS|TAMS 0x000000008a700000| PB 0x000000008a700000| Complete 
| 168|0x000000008a800000, 0x000000008a900000, 0x000000008a900000|100%| E|CS|TAMS 0x000000008a800000| PB 0x000000008a800000| Complete 
| 169|0x000000008a900000, 0x000000008aa00000, 0x000000008aa00000|100%| E|CS|TAMS 0x000000008a900000| PB 0x000000008a900000| Complete 
| 170|0x000000008aa00000, 0x000000008ab00000, 0x000000008ab00000|100%| E|CS|TAMS 0x000000008aa00000| PB 0x000000008aa00000| Complete 
| 171|0x000000008ab00000, 0x000000008ac00000, 0x000000008ac00000|100%| E|CS|TAMS 0x000000008ab00000| PB 0x000000008ab00000| Complete 
| 172|0x000000008ac00000, 0x000000008ad00000, 0x000000008ad00000|100%| E|CS|TAMS 0x000000008ac00000| PB 0x000000008ac00000| Complete 
| 173|0x000000008ad00000, 0x000000008ae00000, 0x000000008ae00000|100%| E|CS|TAMS 0x000000008ad00000| PB 0x000000008ad00000| Complete 
| 174|0x000000008ae00000, 0x000000008af00000, 0x000000008af00000|100%| E|CS|TAMS 0x000000008ae00000| PB 0x000000008ae00000| Complete 
| 175|0x000000008af00000, 0x000000008b000000, 0x000000008b000000|100%| E|CS|TAMS 0x000000008af00000| PB 0x000000008af00000| Complete 
| 176|0x000000008b000000, 0x000000008b100000, 0x000000008b100000|100%| E|CS|TAMS 0x000000008b000000| PB 0x000000008b000000| Complete 
| 177|0x000000008b100000, 0x000000008b200000, 0x000000008b200000|100%| E|CS|TAMS 0x000000008b100000| PB 0x000000008b100000| Complete 
| 178|0x000000008b200000, 0x000000008b300000, 0x000000008b300000|100%| E|CS|TAMS 0x000000008b200000| PB 0x000000008b200000| Complete 
| 179|0x000000008b300000, 0x000000008b400000, 0x000000008b400000|100%| E|CS|TAMS 0x000000008b300000| PB 0x000000008b300000| Complete 
| 180|0x000000008b400000, 0x000000008b500000, 0x000000008b500000|100%| E|CS|TAMS 0x000000008b400000| PB 0x000000008b400000| Complete 
| 181|0x000000008b500000, 0x000000008b600000, 0x000000008b600000|100%| E|CS|TAMS 0x000000008b500000| PB 0x000000008b500000| Complete 
| 182|0x000000008b600000, 0x000000008b700000, 0x000000008b700000|100%| E|CS|TAMS 0x000000008b600000| PB 0x000000008b600000| Complete 
| 183|0x000000008b700000, 0x000000008b800000, 0x000000008b800000|100%| E|CS|TAMS 0x000000008b700000| PB 0x000000008b700000| Complete 
| 184|0x000000008b800000, 0x000000008b900000, 0x000000008b900000|100%| E|CS|TAMS 0x000000008b800000| PB 0x000000008b800000| Complete 
| 185|0x000000008b900000, 0x000000008ba00000, 0x000000008ba00000|100%| E|CS|TAMS 0x000000008b900000| PB 0x000000008b900000| Complete 
| 186|0x000000008ba00000, 0x000000008bb00000, 0x000000008bb00000|100%| E|CS|TAMS 0x000000008ba00000| PB 0x000000008ba00000| Complete 
| 209|0x000000008d100000, 0x000000008d200000, 0x000000008d200000|100%| E|CS|TAMS 0x000000008d100000| PB 0x000000008d100000| Complete 
| 210|0x000000008d200000, 0x000000008d300000, 0x000000008d300000|100%| E|CS|TAMS 0x000000008d200000| PB 0x000000008d200000| Complete 
| 211|0x000000008d300000, 0x000000008d400000, 0x000000008d400000|100%| E|CS|TAMS 0x000000008d300000| PB 0x000000008d300000| Complete 
| 212|0x000000008d400000, 0x000000008d500000, 0x000000008d500000|100%| E|CS|TAMS 0x000000008d400000| PB 0x000000008d400000| Complete 
| 213|0x000000008d500000, 0x000000008d600000, 0x000000008d600000|100%| E|CS|TAMS 0x000000008d500000| PB 0x000000008d500000| Complete 
| 214|0x000000008d600000, 0x000000008d700000, 0x000000008d700000|100%| E|CS|TAMS 0x000000008d600000| PB 0x000000008d600000| Complete 
| 215|0x000000008d700000, 0x000000008d800000, 0x000000008d800000|100%| E|CS|TAMS 0x000000008d700000| PB 0x000000008d700000| Complete 
| 216|0x000000008d800000, 0x000000008d900000, 0x000000008d900000|100%| E|CS|TAMS 0x000000008d800000| PB 0x000000008d800000| Complete 
| 217|0x000000008d900000, 0x000000008da00000, 0x000000008da00000|100%| E|CS|TAMS 0x000000008d900000| PB 0x000000008d900000| Complete 
| 245|0x000000008f500000, 0x000000008f600000, 0x000000008f600000|100%| E|CS|TAMS 0x000000008f500000| PB 0x000000008f500000| Complete 

Card table byte_map: [0x00000167a6ee0000,0x00000167a72e0000] _byte_map_base: 0x00000167a6ae0000

Marking Bits: (CMBitMap*) 0x0000016794495460
 Bits: [0x00000167a72e0000, 0x00000167a92e0000)

Polling page: 0x0000016792270000

Metaspace:

Usage:
  Non-class:    102.39 MB used.
      Class:     15.88 MB used.
       Both:    118.27 MB used.

Virtual space:
  Non-class space:      128.00 MB reserved,     103.50 MB ( 81%) committed,  2 nodes.
      Class space:        1.00 GB reserved,      17.00 MB (  2%) committed,  1 nodes.
             Both:        1.12 GB reserved,     120.50 MB ( 10%) committed. 

Chunk freelists:
   Non-Class:  8.36 MB
       Class:  14.95 MB
        Both:  23.31 MB

MaxMetaspaceSize: unlimited
CompressedClassSpaceSize: 1.00 GB
Initial GC threshold: 21.00 MB
Current GC threshold: 200.25 MB
CDS: off
 - commit_granule_bytes: 65536.
 - commit_granule_words: 8192.
 - virtual_space_node_default_size: 8388608.
 - enlarge_chunks_in_place: 1.
 - use_allocation_guard: 0.


Internal statistics:

num_allocs_failed_limit: 9.
num_arena_births: 4342.
num_arena_deaths: 0.
num_vsnodes_births: 3.
num_vsnodes_deaths: 0.
num_space_committed: 1927.
num_space_uncommitted: 0.
num_chunks_returned_to_freelist: 9.
num_chunks_taken_from_freelist: 9570.
num_chunk_merges: 9.
num_chunk_splits: 6213.
num_chunks_enlarged: 3845.
num_inconsistent_stats: 0.

CodeHeap 'non-profiled nmethods': size=120000Kb used=8977Kb max_used=8977Kb free=111023Kb
 bounds [0x000001679f060000, 0x000001679f930000, 0x00000167a6590000]
CodeHeap 'profiled nmethods': size=120000Kb used=24059Kb max_used=24059Kb free=95940Kb
 bounds [0x0000016797590000, 0x0000016798d10000, 0x000001679eac0000]
CodeHeap 'non-nmethods': size=5760Kb used=2132Kb max_used=2191Kb free=3627Kb
 bounds [0x000001679eac0000, 0x000001679ed30000, 0x000001679f060000]
 total_blobs=13852 nmethods=12980 adapters=775
 compilation: enabled
              stopped_count=0, restarted_count=0
 full_count=0

Compilation events (20 events):
Event: 58.926 Thread 0x00000167ac095a90 15475       4       java.lang.String::isMalformed3 (45 bytes)
Event: 58.927 Thread 0x00000167ac095a90 nmethod 15475 0x000001679f912110 code [0x000001679f9122a0, 0x000001679f912380]
Event: 58.927 Thread 0x00000167ac095a90 15476       4       java.lang.String::split (148 bytes)
Event: 59.037 Thread 0x00000167ac0aaf40 15483       3       com.sun.org.apache.xerces.internal.utils.XMLSecurityPropertyManager::setValue (28 bytes)
Event: 59.038 Thread 0x00000167ac0aaf40 nmethod 15483 0x0000016798d09210 code [0x0000016798d09420, 0x0000016798d09b08]
Event: 59.038 Thread 0x00000167ac0aaf40 15484   !   3       com.sun.org.apache.xerces.internal.parsers.AbstractSAXParser::getProperty (230 bytes)
Event: 59.041 Thread 0x00000167ac0aaf40 nmethod 15484 0x0000016798d09d90 code [0x0000016798d0a200, 0x0000016798d0c248]
Event: 59.070 Thread 0x00000167b6fcdac0 nmethod 15470 0x000001679f912490 code [0x000001679f9128e0, 0x000001679f915088]
Event: 59.070 Thread 0x00000167b6fcdac0 15480       4       java.lang.String::decodeUTF8_UTF16 (624 bytes)
Event: 59.080 Thread 0x00000167b6fcdac0 nmethod 15480 0x000001679f916c90 code [0x000001679f916e40, 0x000001679f917338]
Event: 59.080 Thread 0x00000167b6fcdac0 15481       4       com.sun.org.apache.xerces.internal.impl.XMLNSDocumentScannerImpl::scanAttribute (841 bytes)
Event: 59.170 Thread 0x00000167b6fcdac0 nmethod 15481 0x000001679f917710 code [0x000001679f917a80, 0x000001679f919308]
Event: 59.170 Thread 0x00000167b6fcdac0 15482       4       com.google.common.collect.RegularImmutableMap::get (64 bytes)
Event: 59.176 Thread 0x00000167b6fcdac0 nmethod 15482 0x000001679f91a390 code [0x000001679f91a540, 0x000001679f91a748]
Event: 59.176 Thread 0x00000167b6fcdac0 15487       4       com.google.common.collect.Hashing::smear (19 bytes)
Event: 59.176 Thread 0x00000167b6fcdac0 nmethod 15487 0x000001679f91a990 code [0x000001679f91ab00, 0x000001679f91ab88]
Event: 59.176 Thread 0x00000167b6fcdac0 15485       4       com.sun.org.apache.xerces.internal.dom.CoreDocumentImpl::checkNamespaceWF (51 bytes)
Event: 59.178 Thread 0x00000167b6fcdac0 nmethod 15485 0x000001679f91ac90 code [0x000001679f91ae20, 0x000001679f91af58]
Event: 59.178 Thread 0x00000167b6fcdac0 15486       4       com.sun.org.apache.xerces.internal.dom.CoreDocumentImpl::checkQName (94 bytes)
Event: 59.194 Thread 0x00000167ac0aaf40 15488       3       com.sun.xml.internal.stream.util.BufferAllocator::returnCharBuffer (51 bytes)

GC Heap History (20 events):
Event: 31.945 GC heap before
{Heap before GC invocations=39 (full 0):
 garbage-first heap   total 152576K, used 139243K [0x0000000080000000, 0x0000000100000000)
  region size 1024K, 50 young (51200K), 3 survivors (3072K)
 Metaspace       used 102743K, committed 104832K, reserved 1179648K
  class space    used 13908K, committed 14976K, reserved 1048576K
}
Event: 31.952 GC heap after
{Heap after GC invocations=40 (full 0):
 garbage-first heap   total 152576K, used 93595K [0x0000000080000000, 0x0000000100000000)
  region size 1024K, 5 young (5120K), 5 survivors (5120K)
 Metaspace       used 102743K, committed 104832K, reserved 1179648K
  class space    used 13908K, committed 14976K, reserved 1048576K
}
Event: 33.047 GC heap before
{Heap before GC invocations=41 (full 0):
 garbage-first heap   total 157696K, used 137627K [0x0000000080000000, 0x0000000100000000)
  region size 1024K, 48 young (49152K), 5 survivors (5120K)
 Metaspace       used 105590K, committed 107712K, reserved 1179648K
  class space    used 14368K, committed 15424K, reserved 1048576K
}
Event: 33.055 GC heap after
{Heap after GC invocations=42 (full 0):
 garbage-first heap   total 157696K, used 95780K [0x0000000080000000, 0x0000000100000000)
  region size 1024K, 5 young (5120K), 5 survivors (5120K)
 Metaspace       used 105590K, committed 107712K, reserved 1179648K
  class space    used 14368K, committed 15424K, reserved 1048576K
}
Event: 34.231 GC heap before
{Heap before GC invocations=42 (full 0):
 garbage-first heap   total 157696K, used 142884K [0x0000000080000000, 0x0000000100000000)
  region size 1024K, 51 young (52224K), 5 survivors (5120K)
 Metaspace       used 109092K, committed 111232K, reserved 1179648K
  class space    used 14899K, committed 15936K, reserved 1048576K
}
Event: 34.240 GC heap after
{Heap after GC invocations=43 (full 0):
 garbage-first heap   total 157696K, used 97562K [0x0000000080000000, 0x0000000100000000)
  region size 1024K, 5 young (5120K), 5 survivors (5120K)
 Metaspace       used 109092K, committed 111232K, reserved 1179648K
  class space    used 14899K, committed 15936K, reserved 1048576K
}
Event: 35.344 GC heap before
{Heap before GC invocations=43 (full 0):
 garbage-first heap   total 157696K, used 142618K [0x0000000080000000, 0x0000000100000000)
  region size 1024K, 49 young (50176K), 5 survivors (5120K)
 Metaspace       used 112640K, committed 114880K, reserved 1179648K
  class space    used 15347K, committed 16448K, reserved 1048576K
}
Event: 35.355 GC heap after
{Heap after GC invocations=44 (full 0):
 garbage-first heap   total 157696K, used 101561K [0x0000000080000000, 0x0000000100000000)
  region size 1024K, 7 young (7168K), 7 survivors (7168K)
 Metaspace       used 112640K, committed 114880K, reserved 1179648K
  class space    used 15347K, committed 16448K, reserved 1048576K
}
Event: 36.404 GC heap before
{Heap before GC invocations=45 (full 0):
 garbage-first heap   total 171008K, used 144569K [0x0000000080000000, 0x0000000100000000)
  region size 1024K, 45 young (46080K), 7 survivors (7168K)
 Metaspace       used 115735K, committed 118016K, reserved 1179648K
  class space    used 15576K, committed 16704K, reserved 1048576K
}
Event: 36.418 GC heap after
{Heap after GC invocations=46 (full 0):
 garbage-first heap   total 171008K, used 106746K [0x0000000080000000, 0x0000000100000000)
  region size 1024K, 6 young (6144K), 6 survivors (6144K)
 Metaspace       used 115735K, committed 118016K, reserved 1179648K
  class space    used 15576K, committed 16704K, reserved 1048576K
}
Event: 42.631 GC heap before
{Heap before GC invocations=46 (full 0):
 garbage-first heap   total 171008K, used 153850K [0x0000000080000000, 0x0000000100000000)
  region size 1024K, 53 young (54272K), 6 survivors (6144K)
 Metaspace       used 118403K, committed 120640K, reserved 1179648K
  class space    used 16006K, committed 17152K, reserved 1048576K
}
Event: 42.646 GC heap after
{Heap after GC invocations=47 (full 0):
 garbage-first heap   total 171008K, used 112156K [0x0000000080000000, 0x0000000100000000)
  region size 1024K, 7 young (7168K), 7 survivors (7168K)
 Metaspace       used 118403K, committed 120640K, reserved 1179648K
  class space    used 16006K, committed 17152K, reserved 1048576K
}
Event: 44.983 GC heap before
{Heap before GC invocations=47 (full 0):
 garbage-first heap   total 171008K, used 153116K [0x0000000080000000, 0x0000000100000000)
  region size 1024K, 49 young (50176K), 7 survivors (7168K)
 Metaspace       used 118810K, committed 121024K, reserved 1179648K
  class space    used 16056K, committed 17152K, reserved 1048576K
}
Event: 44.997 GC heap after
{Heap after GC invocations=48 (full 0):
 garbage-first heap   total 171008K, used 116539K [0x0000000080000000, 0x0000000100000000)
  region size 1024K, 5 young (5120K), 5 survivors (5120K)
 Metaspace       used 118810K, committed 121024K, reserved 1179648K
  class space    used 16056K, committed 17152K, reserved 1048576K
}
Event: 47.129 GC heap before
{Heap before GC invocations=49 (full 0):
 garbage-first heap   total 196608K, used 152379K [0x0000000080000000, 0x0000000100000000)
  region size 1024K, 41 young (41984K), 5 survivors (5120K)
 Metaspace       used 118853K, committed 121024K, reserved 1179648K
  class space    used 16057K, committed 17152K, reserved 1048576K
}
Event: 47.138 GC heap after
{Heap after GC invocations=50 (full 0):
 garbage-first heap   total 196608K, used 117589K [0x0000000080000000, 0x0000000100000000)
  region size 1024K, 4 young (4096K), 4 survivors (4096K)
 Metaspace       used 118853K, committed 121024K, reserved 1179648K
  class space    used 16057K, committed 17152K, reserved 1048576K
}
Event: 50.734 GC heap before
{Heap before GC invocations=50 (full 0):
 garbage-first heap   total 196608K, used 176981K [0x0000000080000000, 0x0000000100000000)
  region size 1024K, 63 young (64512K), 4 survivors (4096K)
 Metaspace       used 118943K, committed 121152K, reserved 1179648K
  class space    used 16061K, committed 17152K, reserved 1048576K
}
Event: 50.742 GC heap after
{Heap after GC invocations=51 (full 0):
 garbage-first heap   total 196608K, used 118088K [0x0000000080000000, 0x0000000100000000)
  region size 1024K, 5 young (5120K), 5 survivors (5120K)
 Metaspace       used 118943K, committed 121152K, reserved 1179648K
  class space    used 16061K, committed 17152K, reserved 1048576K
}
Event: 56.019 GC heap before
{Heap before GC invocations=51 (full 0):
 garbage-first heap   total 196608K, used 178504K [0x0000000080000000, 0x0000000100000000)
  region size 1024K, 65 young (66560K), 5 survivors (5120K)
 Metaspace       used 120592K, committed 122880K, reserved 1179648K
  class space    used 16250K, committed 17408K, reserved 1048576K
}
Event: 56.029 GC heap after
{Heap after GC invocations=52 (full 0):
 garbage-first heap   total 196608K, used 120392K [0x0000000080000000, 0x0000000100000000)
  region size 1024K, 7 young (7168K), 7 survivors (7168K)
 Metaspace       used 120592K, committed 122880K, reserved 1179648K
  class space    used 16250K, committed 17408K, reserved 1048576K
}

Dll operation events (3 events):
Event: 0.017 Loaded shared library C:\Program Files\Android\Android Studio\jbr\bin\java.dll
Event: 0.027 Loaded shared library C:\Program Files\Android\Android Studio\jbr\bin\zip.dll
Event: 1.151 Loaded shared library C:\Program Files\Android\Android Studio\jbr\bin\verify.dll

Deoptimization events (20 events):
Event: 58.814 Thread 0x00000167b66dc070 Uncommon trap: trap_request=0xffffffbe fr.pc=0x000001679f90dab0 relative=0x0000000000000310
Event: 58.814 Thread 0x00000167b66dc070 Uncommon trap: reason=profile_predicate action=maybe_recompile pc=0x000001679f90dab0 method=java.util.regex.Pattern$Slice.match(Ljava/util/regex/Matcher;ILjava/lang/CharSequence;)Z @ 18 c2
Event: 58.814 Thread 0x00000167b66dc070 DEOPT PACKING pc=0x000001679f90dab0 sp=0x0000005db41fab80
Event: 58.814 Thread 0x00000167b66dc070 DEOPT UNPACKING pc=0x000001679eb146a2 sp=0x0000005db41faaf0 mode 2
Event: 58.827 Thread 0x00000167b66dc070 Uncommon trap: trap_request=0xffffff45 fr.pc=0x000001679f6bbb9c relative=0x00000000000003dc
Event: 58.827 Thread 0x00000167b66dc070 Uncommon trap: reason=unstable_if action=reinterpret pc=0x000001679f6bbb9c method=java.lang.Character.isSurrogate(C)Z @ 3 c2
Event: 58.827 Thread 0x00000167b66dc070 DEOPT PACKING pc=0x000001679f6bbb9c sp=0x0000005db41fa8c0
Event: 58.827 Thread 0x00000167b66dc070 DEOPT UNPACKING pc=0x000001679eb146a2 sp=0x0000005db41fa7c0 mode 2
Event: 58.827 Thread 0x00000167b66dc070 Uncommon trap: trap_request=0xffffff45 fr.pc=0x000001679f3dbfe4 relative=0x0000000000000044
Event: 58.827 Thread 0x00000167b66dc070 Uncommon trap: reason=unstable_if action=reinterpret pc=0x000001679f3dbfe4 method=java.lang.Character.isSurrogate(C)Z @ 3 c2
Event: 58.827 Thread 0x00000167b66dc070 DEOPT PACKING pc=0x000001679f3dbfe4 sp=0x0000005db41fa820
Event: 58.827 Thread 0x00000167b66dc070 DEOPT UNPACKING pc=0x000001679eb146a2 sp=0x0000005db41fa7b8 mode 2
Event: 58.827 Thread 0x00000167b66dc070 Uncommon trap: trap_request=0xffffff45 fr.pc=0x000001679f11ab3c relative=0x000000000000055c
Event: 58.827 Thread 0x00000167b66dc070 Uncommon trap: reason=unstable_if action=reinterpret pc=0x000001679f11ab3c method=java.lang.Character.isSurrogate(C)Z @ 3 c2
Event: 58.827 Thread 0x00000167b66dc070 DEOPT PACKING pc=0x000001679f11ab3c sp=0x0000005db41fa8a0
Event: 58.827 Thread 0x00000167b66dc070 DEOPT UNPACKING pc=0x000001679eb146a2 sp=0x0000005db41fa7c0 mode 2
Event: 59.015 Thread 0x00000167b66dc070 DEOPT PACKING pc=0x0000016798d00fa2 sp=0x0000005db41fa860
Event: 59.016 Thread 0x00000167b66dc070 DEOPT UNPACKING pc=0x000001679eb14e42 sp=0x0000005db41f9d20 mode 0
Event: 59.043 Thread 0x00000167b66dc070 DEOPT PACKING pc=0x0000016798d00fa2 sp=0x0000005db41fa860
Event: 59.043 Thread 0x00000167b66dc070 DEOPT UNPACKING pc=0x000001679eb14e42 sp=0x0000005db41f9d20 mode 0

Classes loaded (20 events):
Event: 55.897 Loading class org/w3c/dom/CharacterData done
Event: 55.897 Loading class org/w3c/dom/Text
Event: 55.897 Loading class org/w3c/dom/Text done
Event: 55.897 Loading class com/sun/org/apache/xerces/internal/dom/CharacterDataImpl
Event: 55.898 Loading class com/sun/org/apache/xerces/internal/dom/CharacterDataImpl done
Event: 55.898 Loading class com/sun/org/apache/xerces/internal/dom/TextImpl done
Event: 55.898 Loading class com/sun/org/apache/xerces/internal/dom/CharacterDataImpl$1
Event: 55.898 Loading class com/sun/org/apache/xerces/internal/dom/CharacterDataImpl$1 done
Event: 55.935 Loading class com/sun/org/apache/xerces/internal/dom/AttrImpl
Event: 55.936 Loading class com/sun/org/apache/xerces/internal/dom/AttrImpl done
Event: 55.936 Loading class com/sun/org/apache/xerces/internal/dom/AttributeMap
Event: 55.937 Loading class com/sun/org/apache/xerces/internal/dom/NamedNodeMapImpl
Event: 55.937 Loading class com/sun/org/apache/xerces/internal/dom/NamedNodeMapImpl done
Event: 55.937 Loading class com/sun/org/apache/xerces/internal/dom/AttributeMap done
Event: 56.046 Loading class com/sun/org/apache/xerces/internal/dom/AttrNSImpl
Event: 56.046 Loading class com/sun/org/apache/xerces/internal/dom/AttrNSImpl done
Event: 56.790 Loading class com/sun/org/apache/xerces/internal/dom/CommentImpl
Event: 56.790 Loading class org/w3c/dom/Comment
Event: 56.790 Loading class org/w3c/dom/Comment done
Event: 56.790 Loading class com/sun/org/apache/xerces/internal/dom/CommentImpl done

Classes unloaded (0 events):
No events

Classes redefined (0 events):
No events

Internal exceptions (20 events):
Event: 36.564 Thread 0x00000167b34548e0 Exception <a 'java/lang/NoSuchMethodError'{0x000000008d5e33d8}: static Ljava/lang/Object;.<clinit>()V> (0x000000008d5e33d8) 
thrown [s\src\hotspot\share\prims\jni.cpp, line 1139]
Event: 36.567 Thread 0x00000167b34548e0 Exception <a 'java/lang/NoSuchMethodError'{0x000000008d401840}: static Lorg/jetbrains/kotlin/gradle/plugin/statistics/MetricContainer;.<clinit>()V> (0x000000008d401840) 
thrown [s\src\hotspot\share\prims\jni.cpp, line 1139]
Event: 36.569 Thread 0x00000167b3454250 Exception <a 'java/lang/NoSuchMethodError'{0x000000008d42e2f0}: static Lcom/android/buildanalyzer/common/AndroidGradlePluginAttributionData$JavaInfo;.<clinit>()V> (0x000000008d42e2f0) 
thrown [s\src\hotspot\share\prims\jni.cpp, line 1139]
Event: 36.585 Thread 0x00000167b3454250 Exception <a 'java/lang/NoSuchMethodError'{0x000000008d34bed0}: static [Ljava/lang/String;.<clinit>()V> (0x000000008d34bed0) 
thrown [s\src\hotspot\share\prims\jni.cpp, line 1139]
Event: 36.587 Thread 0x00000167b3454250 Exception <a 'java/lang/NoSuchMethodError'{0x000000008d374bb8}: static Lcom/android/buildanalyzer/common/AndroidGradlePluginAttributionData$TaskInfo;.<clinit>()V> (0x000000008d374bb8) 
thrown [s\src\hotspot\share\prims\jni.cpp, line 1139]
Event: 36.589 Thread 0x00000167b3454250 Exception <a 'java/lang/NoSuchMethodError'{0x000000008d381eb8}: static Lcom/android/buildanalyzer/common/AndroidGradlePluginAttributionData$TaskCategoryInfo;.<clinit>()V> (0x000000008d381eb8) 
thrown [s\src\hotspot\share\prims\jni.cpp, line 1139]
Event: 36.610 Thread 0x00000167b6488330 Exception <a 'sun/nio/fs/WindowsException'{0x000000008d251368}> (0x000000008d251368) 
thrown [s\src\hotspot\share\prims\jni.cpp, line 535]
Event: 36.646 Thread 0x00000167b24d6130 Exception <a 'java/lang/NoSuchMethodError'{0x000000008d1fb278}: static Lorg/gradle/internal/build/event/types/DefaultTaskSkippedResult;.<clinit>()V> (0x000000008d1fb278) 
thrown [s\src\hotspot\share\prims\jni.cpp, line 1139]
Event: 36.691 Thread 0x00000167b6488330 Exception <a 'java/lang/IncompatibleClassChangeError'{0x0000000089ce4280}: Found class java.lang.Object, but interface was expected> (0x0000000089ce4280) 
thrown [s\src\hotspot\share\interpreter\linkResolver.cpp, line 851]
Event: 36.697 Thread 0x00000167b6488330 Exception <a 'java/lang/NoSuchMethodError'{0x0000000089cfb800}: static Lcom/android/build/api/variant/BuildConfigField;.<clinit>()V> (0x0000000089cfb800) 
thrown [s\src\hotspot\share\prims\jni.cpp, line 1139]
Event: 36.736 Thread 0x00000167b6488330 Exception <a 'java/lang/NoSuchMethodError'{0x0000000089a1a930}: 'int java.lang.invoke.DirectMethodHandle$Holder.invokeStaticInit(java.lang.Object, java.lang.Object, java.lang.Object, java.lang.Object, java.lang.Object)'> (0x0000000089a1a930) 
thrown [s\src\hotspot\share\interpreter\linkResolver.cpp, line 784]
Event: 36.804 Thread 0x00000167b6488330 Exception <a 'sun/nio/fs/WindowsException'{0x000000008997e9d0}> (0x000000008997e9d0) 
thrown [s\src\hotspot\share\prims\jni.cpp, line 535]
Event: 36.806 Thread 0x00000167b6488330 Exception <a 'sun/nio/fs/WindowsException'{0x000000008997fa18}> (0x000000008997fa18) 
thrown [s\src\hotspot\share\prims\jni.cpp, line 535]
Event: 36.807 Thread 0x00000167b6488330 Exception <a 'sun/nio/fs/WindowsException'{0x00000000899809b8}> (0x00000000899809b8) 
thrown [s\src\hotspot\share\prims\jni.cpp, line 535]
Event: 36.809 Thread 0x00000167b6488330 Exception <a 'sun/nio/fs/WindowsException'{0x0000000089981928}> (0x0000000089981928) 
thrown [s\src\hotspot\share\prims\jni.cpp, line 535]
Event: 37.059 Thread 0x00000167b6488330 Exception <a 'java/lang/NoSuchMethodError'{0x00000000894b70c8}: 'int java.lang.invoke.DirectMethodHandle$Holder.invokeSpecial(java.lang.Object, java.lang.Object, int)'> (0x00000000894b70c8) 
thrown [s\src\hotspot\share\interpreter\linkResolver.cpp, line 784]
Event: 51.583 Thread 0x00000167b6488330 Exception <a 'java/lang/NoSuchMethodError'{0x000000008d25b7d0}: static Lcom/android/build/gradle/internal/tasks/AarMetadataArtifact;.<clinit>()V> (0x000000008d25b7d0) 
thrown [s\src\hotspot\share\prims\jni.cpp, line 1139]
Event: 54.566 Thread 0x00000167b66dd420 Exception <a 'sun/nio/fs/WindowsException'{0x000000008940d0b0}> (0x000000008940d0b0) 
thrown [s\src\hotspot\share\prims\jni.cpp, line 535]
Event: 54.639 Thread 0x00000167b66dd420 Exception <a 'sun/nio/fs/WindowsException'{0x00000000893a03b0}> (0x00000000893a03b0) 
thrown [s\src\hotspot\share\prims\jni.cpp, line 535]
Event: 54.646 Thread 0x00000167b66dd420 Exception <a 'sun/nio/fs/WindowsException'{0x00000000893a8ea0}> (0x00000000893a8ea0) 
thrown [s\src\hotspot\share\prims\jni.cpp, line 535]

ZGC Phase Switch (0 events):
No events

VM Operations (20 events):
Event: 50.743 Executing VM operation: G1CollectForAllocation (GCLocker Initiated GC) done
Event: 51.744 Executing VM operation: Cleanup
Event: 52.651 Executing VM operation: Cleanup done
Event: 53.654 Executing VM operation: Cleanup
Event: 54.059 Executing VM operation: Cleanup done
Event: 54.516 Executing VM operation: HandshakeAllThreads (Deoptimize)
Event: 54.516 Executing VM operation: HandshakeAllThreads (Deoptimize) done
Event: 55.520 Executing VM operation: Cleanup
Event: 55.521 Executing VM operation: Cleanup done
Event: 56.019 Executing VM operation: G1CollectForAllocation (G1 Evacuation Pause)
Event: 56.029 Executing VM operation: G1CollectForAllocation (G1 Evacuation Pause) done
Event: 56.159 Executing VM operation: G1PauseRemark
Event: 56.169 Executing VM operation: G1PauseRemark done
Event: 56.237 Executing VM operation: G1PauseCleanup
Event: 56.238 Executing VM operation: G1PauseCleanup done
Event: 57.246 Executing VM operation: Cleanup
Event: 58.131 Executing VM operation: Cleanup done
Event: 59.139 Executing VM operation: Cleanup
Event: 59.139 Executing VM operation: Cleanup done
Event: 60.151 Executing VM operation: Cleanup

Memory protections (0 events):
No events

Nmethod flushes (20 events):
Event: 56.167 Thread 0x00000167abf44a40 flushing  nmethod 0x0000016797e3fa90
Event: 56.167 Thread 0x00000167abf44a40 flushing  nmethod 0x0000016797e9a490
Event: 56.167 Thread 0x00000167abf44a40 flushing  nmethod 0x0000016797f83a90
Event: 56.167 Thread 0x00000167abf44a40 flushing  nmethod 0x0000016797f99210
Event: 56.167 Thread 0x00000167abf44a40 flushing  nmethod 0x0000016797f9a110
Event: 56.167 Thread 0x00000167abf44a40 flushing  nmethod 0x0000016797ff4290
Event: 56.167 Thread 0x00000167abf44a40 flushing  nmethod 0x0000016797ff4d10
Event: 56.167 Thread 0x00000167abf44a40 flushing  nmethod 0x0000016797ff5690
Event: 56.167 Thread 0x00000167abf44a40 flushing  nmethod 0x000001679813ad10
Event: 56.167 Thread 0x00000167abf44a40 flushing  nmethod 0x000001679813b490
Event: 56.167 Thread 0x00000167abf44a40 flushing  nmethod 0x000001679817b310
Event: 56.167 Thread 0x00000167abf44a40 flushing  nmethod 0x0000016798181090
Event: 56.167 Thread 0x00000167abf44a40 flushing  nmethod 0x00000167981fcf10
Event: 56.167 Thread 0x00000167abf44a40 flushing  nmethod 0x0000016798200290
Event: 56.167 Thread 0x00000167abf44a40 flushing  nmethod 0x0000016798202590
Event: 56.167 Thread 0x00000167abf44a40 flushing  nmethod 0x000001679827ac10
Event: 56.167 Thread 0x00000167abf44a40 flushing  nmethod 0x0000016798354d90
Event: 56.167 Thread 0x00000167abf44a40 flushing  nmethod 0x000001679835b090
Event: 56.167 Thread 0x00000167abf44a40 flushing  nmethod 0x0000016798b02f90
Event: 56.167 Thread 0x00000167abf44a40 flushing  nmethod 0x0000016798b03a10

Events (20 events):
Event: 49.757 Thread 0x00000167ac0aaf40 Thread added: 0x00000167b6fcdac0
Event: 51.494 Thread 0x00000167b6fcdac0 Thread exited: 0x00000167b6fcdac0
Event: 51.592 Thread 0x00000167b6488330 Thread added: 0x00000167b6fe1cc0
Event: 51.638 Thread 0x00000167b66dd420 Thread added: 0x00000167b6fe29e0
Event: 52.650 Thread 0x00000167b66dd420 Thread added: 0x00000167b6fe2350
Event: 52.650 Thread 0x00000167ac0aaf40 Thread added: 0x00000167b6fcdac0
Event: 52.745 Thread 0x00000167b66dd420 Thread added: 0x00000167b6fe3070
Event: 52.746 Thread 0x00000167b66dd420 Thread added: 0x00000167b6fe0280
Event: 52.747 Thread 0x00000167b66dd420 Thread added: 0x00000167b6fe3d90
Event: 52.748 Thread 0x00000167b66dd420 Thread added: 0x00000167b6fe4420
Event: 52.749 Thread 0x00000167b66dd420 Thread added: 0x00000167b6fe0fa0
Event: 52.750 Thread 0x00000167b66dd420 Thread added: 0x00000167b6fe5140
Event: 52.751 Thread 0x00000167b66dd420 Thread added: 0x00000167b6fe57d0
Event: 52.752 Thread 0x00000167b66dd420 Thread added: 0x00000167b6fe5e60
Event: 52.753 Thread 0x00000167b66dd420 Thread added: 0x00000167b6fe4ab0
Event: 54.521 Thread 0x00000167ac0aaf40 Thread added: 0x00000167b6fd1ee0
Event: 55.308 Thread 0x00000167b6fd1ee0 Thread exited: 0x00000167b6fd1ee0
Event: 55.308 Thread 0x00000167b6fcdac0 Thread exited: 0x00000167b6fcdac0
Event: 56.335 Thread 0x00000167ac0aaf40 Thread added: 0x00000167b6fcdac0
Event: 56.417 Thread 0x00000167ac0aaf40 Thread added: 0x00000167b6fd3350


Dynamic libraries:
0x00007ff71d9c0000 - 0x00007ff71d9ca000 	C:\Program Files\Android\Android Studio\jbr\bin\java.exe
0x00007ffdae5a0000 - 0x00007ffdae807000 	C:\WINDOWS\SYSTEM32\ntdll.dll
0x00007ffdacd60000 - 0x00007ffdace29000 	C:\WINDOWS\System32\KERNEL32.DLL
0x00007ffdab8f0000 - 0x00007ffdabce1000 	C:\WINDOWS\System32\KERNELBASE.dll
0x00007ffdabfd0000 - 0x00007ffdac11b000 	C:\WINDOWS\System32\ucrtbase.dll
0x00007ffda6500000 - 0x00007ffda651b000 	C:\Program Files\Android\Android Studio\jbr\bin\VCRUNTIME140.dll
0x00007ffd9e0f0000 - 0x00007ffd9e108000 	C:\Program Files\Android\Android Studio\jbr\bin\jli.dll
0x00007ffdace30000 - 0x00007ffdacff5000 	C:\WINDOWS\System32\USER32.dll
0x00007ffd9ace0000 - 0x00007ffd9af73000 	C:\WINDOWS\WinSxS\amd64_microsoft.windows.common-controls_6595b64144ccf1df_6.0.26100.8037_none_3e092faae333b53b\COMCTL32.dll
0x00007ffdabe70000 - 0x00007ffdabe97000 	C:\WINDOWS\System32\win32u.dll
0x00007ffdad000000 - 0x00007ffdad0a9000 	C:\WINDOWS\System32\msvcrt.dll
0x00007ffdae420000 - 0x00007ffdae44b000 	C:\WINDOWS\System32\GDI32.dll
0x00007ffdabea0000 - 0x00007ffdabfcb000 	C:\WINDOWS\System32\gdi32full.dll
0x00007ffdac120000 - 0x00007ffdac1c3000 	C:\WINDOWS\System32\msvcp_win.dll
0x00007ffdae510000 - 0x00007ffdae541000 	C:\WINDOWS\System32\IMM32.DLL
0x00007ffda85e0000 - 0x00007ffda85ec000 	C:\Program Files\Android\Android Studio\jbr\bin\vcruntime140_1.dll
0x00007ffd61a20000 - 0x00007ffd61aad000 	C:\Program Files\Android\Android Studio\jbr\bin\msvcp140.dll
0x00007ffcd7d40000 - 0x00007ffcd89cb000 	C:\Program Files\Android\Android Studio\jbr\bin\server\jvm.dll
0x00007ffdae450000 - 0x00007ffdae50b000 	C:\WINDOWS\System32\ADVAPI32.dll
0x00007ffdac750000 - 0x00007ffdac7f7000 	C:\WINDOWS\System32\sechost.dll
0x00007ffdacc40000 - 0x00007ffdacd58000 	C:\WINDOWS\System32\RPCRT4.dll
0x00007ffdac9e0000 - 0x00007ffdaca54000 	C:\WINDOWS\System32\WS2_32.dll
0x00007ffdaace0000 - 0x00007ffdaad3e000 	C:\WINDOWS\SYSTEM32\POWRPROF.dll
0x00007ffda4710000 - 0x00007ffda4745000 	C:\WINDOWS\SYSTEM32\WINMM.dll
0x00007ffda4750000 - 0x00007ffda475b000 	C:\WINDOWS\SYSTEM32\VERSION.dll
0x00007ffdaacc0000 - 0x00007ffdaacd4000 	C:\WINDOWS\SYSTEM32\UMPDC.dll
0x00007ffda9c10000 - 0x00007ffda9c2b000 	C:\WINDOWS\SYSTEM32\kernel.appcore.dll
0x00007ffda1690000 - 0x00007ffda169a000 	C:\Program Files\Android\Android Studio\jbr\bin\jimage.dll
0x00007ffd9e640000 - 0x00007ffd9e882000 	C:\WINDOWS\SYSTEM32\DBGHELP.DLL
0x00007ffdac340000 - 0x00007ffdac6c2000 	C:\WINDOWS\System32\combase.dll
0x00007ffdad3d0000 - 0x00007ffdad4a7000 	C:\WINDOWS\System32\OLEAUT32.dll
0x00007ffd8fd90000 - 0x00007ffd8fdcb000 	C:\WINDOWS\SYSTEM32\dbgcore.DLL
0x00007ffdac1d0000 - 0x00007ffdac275000 	C:\WINDOWS\System32\bcryptPrimitives.dll
0x00007ffda1610000 - 0x00007ffda161e000 	C:\Program Files\Android\Android Studio\jbr\bin\instrument.dll
0x00007ffd9b370000 - 0x00007ffd9b390000 	C:\Program Files\Android\Android Studio\jbr\bin\java.dll
0x00007ffd9a850000 - 0x00007ffd9a868000 	C:\Program Files\Android\Android Studio\jbr\bin\zip.dll
0x00007ffdadc40000 - 0x00007ffdae39f000 	C:\WINDOWS\System32\SHELL32.dll
0x00007ffdaae80000 - 0x00007ffdaafea000 	C:\WINDOWS\System32\wintypes.dll
0x00007ffdab080000 - 0x00007ffdab8e4000 	C:\WINDOWS\System32\windows.storage.dll
0x00007ffdad240000 - 0x00007ffdad337000 	C:\WINDOWS\System32\SHCORE.dll
0x00007ffdae3b0000 - 0x00007ffdae417000 	C:\WINDOWS\System32\shlwapi.dll
0x00007ffdaada0000 - 0x00007ffdaadc9000 	C:\WINDOWS\SYSTEM32\profapi.dll
0x00007ffda1680000 - 0x00007ffda1690000 	C:\Program Files\Android\Android Studio\jbr\bin\net.dll
0x00007ffda21a0000 - 0x00007ffda22c7000 	C:\WINDOWS\SYSTEM32\WINHTTP.dll
0x00007ffdaa180000 - 0x00007ffdaa1eb000 	C:\WINDOWS\system32\mswsock.dll
0x00007ffd97710000 - 0x00007ffd97726000 	C:\Program Files\Android\Android Studio\jbr\bin\nio.dll
0x00007ffd9a880000 - 0x00007ffd9a890000 	C:\Program Files\Android\Android Studio\jbr\bin\verify.dll
0x00007ffd7a200000 - 0x00007ffd7a227000 	C:\Users\Acer\.gradle\native\c067742578af261105cb4f569cf0c3c89f3d7b1fecec35dd04571415982c5e48\windows-amd64\native-platform.dll
0x00007ffd5fd50000 - 0x00007ffd5fe94000 	C:\Users\Acer\.gradle\native\100fb08df4bc3b14c8652ba06237920a3bd2aa13389f12d3474272988ae205f9\windows-amd64\native-platform-file-events.dll
0x00007ffd9d320000 - 0x00007ffd9d329000 	C:\Program Files\Android\Android Studio\jbr\bin\management.dll
0x00007ffd9b360000 - 0x00007ffd9b36b000 	C:\Program Files\Android\Android Studio\jbr\bin\management_ext.dll
0x00007ffdae550000 - 0x00007ffdae558000 	C:\WINDOWS\System32\PSAPI.DLL
0x00007ffdaa460000 - 0x00007ffdaa47b000 	C:\WINDOWS\SYSTEM32\CRYPTSP.dll
0x00007ffda9b70000 - 0x00007ffda9ba9000 	C:\WINDOWS\system32\rsaenh.dll
0x00007ffdaa230000 - 0x00007ffdaa262000 	C:\WINDOWS\SYSTEM32\USERENV.dll
0x00007ffdaad70000 - 0x00007ffdaad9a000 	C:\WINDOWS\SYSTEM32\bcrypt.dll
0x00007ffdaa480000 - 0x00007ffdaa48c000 	C:\WINDOWS\SYSTEM32\CRYPTBASE.dll
0x00007ffda9600000 - 0x00007ffda9633000 	C:\WINDOWS\SYSTEM32\IPHLPAPI.DLL
0x00007ffdac9c0000 - 0x00007ffdac9ca000 	C:\WINDOWS\System32\NSI.dll
0x00007ffd9f300000 - 0x00007ffd9f309000 	C:\Program Files\Android\Android Studio\jbr\bin\extnet.dll
0x00007ffd9b450000 - 0x00007ffd9b458000 	C:\WINDOWS\system32\wshunix.dll
0x00007ffd8cfe0000 - 0x00007ffd8cff8000 	C:\WINDOWS\system32\napinsp.dll
0x00007ffda9640000 - 0x00007ffda976a000 	C:\WINDOWS\SYSTEM32\DNSAPI.dll
0x00007ffd8b950000 - 0x00007ffd8b962000 	C:\WINDOWS\System32\winrnr.dll
0x00007ffd8b920000 - 0x00007ffd8b942000 	C:\WINDOWS\system32\nlansp_c.dll
0x00007ffda01b0000 - 0x00007ffda01c6000 	C:\WINDOWS\system32\wshbth.dll
0x00007ffda0a70000 - 0x00007ffda0a7b000 	C:\Windows\System32\rasadhlp.dll
0x00007ffda4680000 - 0x00007ffda4706000 	C:\WINDOWS\System32\fwpuclnt.dll

dbghelp: loaded successfully - version: 4.0.5 - missing functions: none
symbol engine: initialized successfully - sym options: 0x614 - pdb path: .;C:\Program Files\Android\Android Studio\jbr\bin;C:\WINDOWS\SYSTEM32;C:\WINDOWS\WinSxS\amd64_microsoft.windows.common-controls_6595b64144ccf1df_6.0.26100.8037_none_3e092faae333b53b;C:\Program Files\Android\Android Studio\jbr\bin\server;C:\Users\Acer\.gradle\native\c067742578af261105cb4f569cf0c3c89f3d7b1fecec35dd04571415982c5e48\windows-amd64;C:\Users\Acer\.gradle\native\100fb08df4bc3b14c8652ba06237920a3bd2aa13389f12d3474272988ae205f9\windows-amd64

VM Arguments:
jvm_args: --add-opens=java.base/java.lang=ALL-UNNAMED --add-opens=java.base/java.lang.invoke=ALL-UNNAMED --add-opens=java.base/java.util=ALL-UNNAMED --add-opens=java.prefs/java.util.prefs=ALL-UNNAMED --add-exports=jdk.compiler/com.sun.tools.javac.api=ALL-UNNAMED --add-exports=jdk.compiler/com.sun.tools.javac.util=ALL-UNNAMED --add-opens=java.base/java.util=ALL-UNNAMED --add-opens=java.prefs/java.util.prefs=ALL-UNNAMED --add-opens=java.base/java.nio.charset=ALL-UNNAMED --add-opens=java.base/java.net=ALL-UNNAMED --add-opens=java.base/java.util.concurrent.atomic=ALL-UNNAMED --add-opens=java.xml/javax.xml.namespace=ALL-UNNAMED -Xmx2048m -Dfile.encoding=UTF-8 -Duser.country=US -Duser.language=en -Duser.variant -javaagent:C:\Users\Acer\.gradle\wrapper\dists\gradle-8.11.1-bin\bpt9gzteqjrbo1mjrsomdt32c\gradle-8.11.1\lib\agents\gradle-instrumentation-agent-8.11.1.jar 
java_command: org.gradle.launcher.daemon.bootstrap.GradleDaemon 8.11.1
java_class_path (initial): C:\Users\Acer\.gradle\wrapper\dists\gradle-8.11.1-bin\bpt9gzteqjrbo1mjrsomdt32c\gradle-8.11.1\lib\gradle-daemon-main-8.11.1.jar
Launcher Type: SUN_STANDARD

[Global flags]
     intx CICompilerCount                          = 4                                         {product} {ergonomic}
     uint ConcGCThreads                            = 3                                         {product} {ergonomic}
     uint G1ConcRefinementThreads                  = 10                                        {product} {ergonomic}
   size_t G1HeapRegionSize                         = 1048576                                   {product} {ergonomic}
    uintx GCDrainStackTargetSize                   = 64                                        {product} {ergonomic}
   size_t InitialHeapSize                          = 257949696                                 {product} {ergonomic}
   size_t MarkStackSize                            = 4194304                                   {product} {ergonomic}
   size_t MaxHeapSize                              = 2147483648                                {product} {command line}
   size_t MaxNewSize                               = 1287651328                                {product} {ergonomic}
   size_t MinHeapDeltaBytes                        = 1048576                                   {product} {ergonomic}
   size_t MinHeapSize                              = 8388608                                   {product} {ergonomic}
    uintx NonNMethodCodeHeapSize                   = 5839372                                {pd product} {ergonomic}
    uintx NonProfiledCodeHeapSize                  = 122909434                              {pd product} {ergonomic}
    uintx ProfiledCodeHeapSize                     = 122909434                              {pd product} {ergonomic}
    uintx ReservedCodeCacheSize                    = 251658240                              {pd product} {ergonomic}
     bool SegmentedCodeCache                       = true                                      {product} {ergonomic}
   size_t SoftMaxHeapSize                          = 2147483648                             {manageable} {ergonomic}
     bool UseCompressedOops                        = true                           {product lp64_product} {ergonomic}
     bool UseG1GC                                  = true                                      {product} {ergonomic}
     bool UseLargePagesIndividualAllocation        = false                                  {pd product} {ergonomic}

Logging:
Log output configuration:
 #0: stdout all=warning uptime,level,tags foldmultilines=false
 #1: stderr all=off uptime,level,tags foldmultilines=false

Environment Variables:
JAVA_HOME=C:\Program Files\Java\jdk-23
PATH=C:\Program Files\Common Files\Oracle\Java\javapath;C:\WINDOWS\system32;C:\WINDOWS;C:\WINDOWS\System32\Wbem;C:\WINDOWS\System32\WindowsPowerShell\v1.0\;C:\WINDOWS\System32\OpenSSH\;C:\Program Files\Java\jdk-23\bin;C:\msys64\ucrt64\bin;C:\Program Files\Git\cmd;C:\Program Files\nodejs\;C:\Program Files\MySQL\MySQL Shell 8.0\bin\;C:\Users\Acer\AppData\Local\Programs\Python\Python312\Scripts\;C:\Users\Acer\AppData\Local\Programs\Python\Python312\;C:\Users\Acer\AppData\Local\Microsoft\WindowsApps;C:\Users\Acer\AppData\Local\JetBrains\Toolbox\scripts;C:\Users\Acer\AppData\Local\Programs\Microsoft VS Code\bin;C:\msys64\ucrt64\bin;C:\Program Files\Java\jdk-23\bin;;C:\Users\Acer\AppData\Local\Microsoft\WindowsApps;C:\Program Files\JetBrains\IntelliJ IDEA 2025.1\bin;;C:\Users\Acer\AppData\Roaming\npm;C:\Users\Acer\AppData\Local\Programs\Antigravity\bin;C:\Users\Acer\AppData\Local\Programs\cursor\resources\app\bin
USERNAME=Acer
OS=Windows_NT
PROCESSOR_IDENTIFIER=AMD64 Family 23 Model 104 Stepping 1, AuthenticAMD
TMP=C:\Users\Acer\AppData\Local\Temp
TEMP=C:\Users\Acer\AppData\Local\Temp




Periodic native trim disabled

JNI global refs:
JNI global refs: 27, weak refs: 0

JNI global refs memory usage: 835, weak refs: 833

Process memory usage:
Resident Set Size: 532712K (3% of 16085044K total physical memory with 1876708K free physical memory)

OOME stack traces (most recent first):
Classloader memory used:
Loader org.gradle.internal.classloader.VisitableURLClassLoader                         : 41855K
Loader org.gradle.internal.classloader.VisitableURLClassLoader$InstrumentingVisitableURLClassLoader: 35956K
Loader bootstrap                                                                       : 30059K
Loader org.gradle.initialization.MixInLegacyTypesClassLoader                           : 11912K
Loader jdk.internal.loader.ClassLoaders$PlatformClassLoader                            : 523K
Loader jdk.internal.reflect.DelegatingClassLoader                                      : 362K
Loader org.gradle.internal.classloader.VisitableURLClassLoader                         : 241K
Loader jdk.internal.loader.ClassLoaders$AppClassLoader                                 : 235K

Classes loaded by more than one classloader:
Class Program                                                                         : loaded 5 times (x 68B)
Class Build_gradle                                                                    : loaded 3 times (x 126B)
Class Build_gradle$1                                                                  : loaded 3 times (x 70B)
Class org.gradle.internal.classloader.FilteringClassLoader                            : loaded 2 times (x 101B)
Class com.google.common.io.FileWriteMode                                              : loaded 2 times (x 75B)
Class [Lcom.google.common.base.AbstractIterator$State;                                : loaded 2 times (x 65B)
Class com.google.common.base.CharMatcher$IsEither                                     : loaded 2 times (x 107B)
Class org.gradle.internal.classloader.ClassLoaderHierarchy                            : loaded 2 times (x 66B)
Class com.google.common.collect.ImmutableEnumSet                                      : loaded 2 times (x 142B)
Class com.google.common.util.concurrent.ExecutionError                                : loaded 2 times (x 78B)
Class com.google.common.collect.ImmutableList$1                                       : loaded 2 times (x 93B)
Class org.gradle.api.internal.classpath.ManifestUtil                                  : loaded 2 times (x 67B)
Class com.google.common.io.ByteArrayDataOutput                                        : loaded 2 times (x 66B)
Class com.google.common.collect.RegularImmutableMap                                   : loaded 2 times (x 117B)
Class com.google.common.collect.ImmutableMap$MapViewOfValuesAsSingletonSets           : loaded 2 times (x 122B)
Class [Lorg.objectweb.asm.Symbol;                                                     : loaded 2 times (x 65B)
Class org.objectweb.asm.ClassVisitor                                                  : loaded 2 times (x 84B)
Class com.google.common.collect.UnmodifiableListIterator                              : loaded 2 times (x 91B)
Class com.google.common.base.Platform$JdkPatternCompiler                              : loaded 2 times (x 71B)
Class org.objectweb.asm.MethodTooLargeException                                       : loaded 2 times (x 79B)
Class [Lcom.google.common.cache.CacheBuilder$OneWeigher;                              : loaded 2 times (x 65B)
Class com.google.common.base.Suppliers                                                : loaded 2 times (x 67B)
Class org.gradle.internal.classloader.DefaultClassLoaderFactory                       : loaded 2 times (x 78B)
Class com.google.common.base.CharMatcher$None                                         : loaded 2 times (x 108B)
Class org.gradle.internal.classloader.ClassLoaderVisitor                              : loaded 2 times (x 72B)
Class [Lcom.google.common.collect.ImmutableMapEntry;                                  : loaded 2 times (x 65B)
Class org.gradle.api.internal.classpath.EffectiveClassPath                            : loaded 2 times (x 86B)
Class com.google.common.collect.ImmutableRangeSet                                     : loaded 2 times (x 111B)
Class com.google.common.collect.ListMultimap                                          : loaded 2 times (x 66B)
Class com.google.common.collect.ImmutableEnumMap                                      : loaded 2 times (x 122B)
Class com.google.common.collect.Sets$1                                                : loaded 2 times (x 135B)
Class org.objectweb.asm.AnnotationVisitor                                             : loaded 2 times (x 74B)
Class com.google.common.base.Splitter                                                 : loaded 2 times (x 68B)
Class org.gradle.api.internal.DefaultClassPathProvider                                : loaded 2 times (x 72B)
Class com.google.common.collect.Maps$ViewCachingAbstractMap                           : loaded 2 times (x 121B)
Class com.google.common.collect.Sets$2                                                : loaded 2 times (x 135B)
Class [Lorg.gradle.api.internal.ClassPathProvider;                                    : loaded 2 times (x 65B)
Class org.gradle.api.internal.ClassPathProvider                                       : loaded 2 times (x 66B)
Class [Lorg.objectweb.asm.AnnotationVisitor;                                          : loaded 2 times (x 65B)
Class com.google.common.collect.Sets$3                                                : loaded 2 times (x 135B)
Class com.google.common.util.concurrent.AbstractFuture$SafeAtomicHelper               : loaded 2 times (x 75B)
Class com.google.common.cache.LocalCache$LocalLoadingCache                            : loaded 2 times (x 130B)
Class com.google.common.base.AbstractIterator$State                                   : loaded 2 times (x 75B)
Class org.gradle.internal.service.UnknownServiceException                             : loaded 2 times (x 79B)
Class com.google.common.io.ByteArrayDataInput                                         : loaded 2 times (x 66B)
Class com.google.common.collect.Sets$4                                                : loaded 2 times (x 135B)
Class org.objectweb.asm.ModuleVisitor                                                 : loaded 2 times (x 77B)
Class com.google.common.cache.LocalCache$Strength$1                                   : loaded 2 times (x 77B)
Class com.google.common.util.concurrent.SettableFuture                                : loaded 2 times (x 110B)
Class com.google.common.cache.LocalCache$Strength$2                                   : loaded 2 times (x 77B)
Class com.google.common.collect.TransformedIterator                                   : loaded 2 times (x 76B)
Class com.google.common.io.ByteStreams                                                : loaded 2 times (x 67B)
Class com.google.common.cache.LocalCache$Strength$3                                   : loaded 2 times (x 77B)
Class com.google.common.collect.MapDifference                                         : loaded 2 times (x 66B)
Class com.google.common.base.Splitter$1                                               : loaded 2 times (x 73B)
Class org.objectweb.asm.FieldWriter                                                   : loaded 2 times (x 74B)
Class com.google.common.cache.CacheBuilder$NullListener                               : loaded 2 times (x 78B)
Class org.gradle.internal.classpath.TransformedClassPath                              : loaded 2 times (x 92B)
Class org.gradle.internal.classloader.InstrumentingClassLoader                        : loaded 2 times (x 66B)
Class com.google.common.collect.ImmutableRangeSet$AsSet                               : loaded 2 times (x 296B)
Class com.google.common.cache.CacheLoader$FunctionToCacheLoader                       : loaded 2 times (x 71B)
Class com.google.common.collect.Iterators$ArrayItr                                    : loaded 2 times (x 93B)
Class com.google.common.collect.ImmutableCollection$Builder                           : loaded 2 times (x 72B)
Class com.google.common.base.Joiner                                                   : loaded 2 times (x 75B)
Class com.google.common.base.MoreObjects                                              : loaded 2 times (x 67B)
Class com.google.common.collect.Platform                                              : loaded 2 times (x 67B)
Class [Lorg.objectweb.asm.Type;                                                       : loaded 2 times (x 65B)
Class com.google.common.collect.UnmodifiableIterator                                  : loaded 2 times (x 76B)
Class org.gradle.internal.service.ServiceLocator                                      : loaded 2 times (x 66B)
Class com.google.common.base.Ascii                                                    : loaded 2 times (x 67B)
Class com.google.common.collect.SingletonImmutableBiMap                               : loaded 2 times (x 139B)
Class com.google.common.cache.LocalCache$1                                            : loaded 2 times (x 85B)
Class com.google.common.collect.AbstractMapEntry                                      : loaded 2 times (x 77B)
Class com.google.common.collect.Sets$ImprovedAbstractSet                              : loaded 2 times (x 131B)
Class com.google.common.collect.ImmutableList$Builder                                 : loaded 2 times (x 73B)
Class com.google.common.collect.AbstractMultimap                                      : loaded 2 times (x 119B)
Class com.google.common.cache.LocalCache$2                                            : loaded 2 times (x 138B)
Class com.google.common.collect.ImmutableRangeSet$1                                   : loaded 2 times (x 206B)
Class com.google.common.util.concurrent.AbstractFuture$UnsafeAtomicHelper$1           : loaded 2 times (x 72B)
Class com.google.common.collect.RegularImmutableAsList                                : loaded 2 times (x 213B)
Class com.google.common.collect.Range                                                 : loaded 2 times (x 83B)
Class com.google.common.util.concurrent.AbstractFuture$Trusted                        : loaded 2 times (x 66B)
Class com.google.common.collect.Iterators                                             : loaded 2 times (x 67B)
Class com.google.common.io.ByteSink$AsCharSink                                        : loaded 2 times (x 76B)
Class com.google.common.util.concurrent.UncheckedExecutionException                   : loaded 2 times (x 78B)
Class com.google.common.collect.Lists$StringAsImmutableList                           : loaded 2 times (x 203B)
Class org.gradle.kotlin.dsl.VersionCatalogAccessorsKt                                 : loaded 2 times (x 67B)
Class org.gradle.internal.InternalTransformer                                         : loaded 2 times (x 66B)
Class com.google.common.collect.AbstractMapBasedMultimap$KeySet$1                     : loaded 2 times (x 78B)
Class org.objectweb.asm.ClassWriter                                                   : loaded 2 times (x 102B)
Class com.google.common.cache.CacheLoader$UnsupportedLoadingOperationException        : loaded 2 times (x 78B)
Class com.google.common.base.CharMatcher$And                                          : loaded 2 times (x 108B)
Class org.gradle.internal.classloader.ClasspathUtil$1                                 : loaded 2 times (x 72B)
Class com.google.common.base.Objects                                                  : loaded 2 times (x 67B)
Class org.objectweb.asm.FieldVisitor                                                  : loaded 2 times (x 73B)
Class com.google.common.collect.IndexedImmutableSet                                   : loaded 2 times (x 148B)
Class com.google.common.collect.ImmutableMap$1                                        : loaded 2 times (x 77B)
Class com.google.common.collect.BiMap                                                 : loaded 2 times (x 66B)
Class org.gradle.api.internal.classpath.DefaultModuleRegistry$DefaultModule           : loaded 2 times (x 82B)
Class com.google.common.primitives.Ints                                               : loaded 2 times (x 67B)
Class com.google.common.collect.RegularImmutableMap$KeySet                            : loaded 2 times (x 148B)
Class com.google.common.collect.Multiset                                              : loaded 2 times (x 66B)
Class com.google.common.collect.ArrayListMultimapGwtSerializationDependencies         : loaded 2 times (x 168B)
Class com.google.common.math.MathPreconditions                                        : loaded 2 times (x 67B)
Class com.google.common.collect.ObjectArrays                                          : loaded 2 times (x 67B)
Class com.google.common.collect.AbstractIndexedListIterator                           : loaded 2 times (x 92B)
Class com.google.common.collect.ImmutableMapEntrySet                                  : loaded 2 times (x 148B)
Class org.gradle.api.internal.classpath.Module                                        : loaded 2 times (x 66B)
Class com.google.common.cache.Weigher                                                 : loaded 2 times (x 66B)
Class org.gradle.api.internal.classpath.UnknownModuleException                        : loaded 2 times (x 78B)
Class com.google.common.base.Stopwatch                                                : loaded 2 times (x 68B)
Class com.google.common.cache.LocalCache$Strength                                     : loaded 2 times (x 77B)
Class com.google.common.cache.Cache                                                   : loaded 2 times (x 66B)
Class com.google.common.io.Files$2                                                    : loaded 2 times (x 72B)
Class com.google.common.util.concurrent.AbstractFuture$Cancellation                   : loaded 2 times (x 68B)
Class com.google.common.collect.ImmutableMap$Builder                                  : loaded 2 times (x 78B)
Class com.google.common.base.NullnessCasts                                            : loaded 2 times (x 67B)
Class com.google.common.cache.RemovalListener                                         : loaded 2 times (x 66B)
Class org.gradle.api.internal.DefaultClassPathRegistry                                : loaded 2 times (x 72B)
Class com.google.common.primitives.IntsMethodsForWeb                                  : loaded 2 times (x 67B)
Class com.google.common.collect.Multimap                                              : loaded 2 times (x 66B)
Class org.gradle.api.internal.ClassPathRegistry                                       : loaded 2 times (x 66B)
Class org.gradle.internal.classpath.DefaultClassPath$ImmutableUniqueList              : loaded 2 times (x 195B)
Class com.google.common.base.ExtraObjectsMethodsForWeb                                : loaded 2 times (x 67B)
Class com.google.common.base.Equivalence$Identity                                     : loaded 2 times (x 78B)
Class com.google.common.io.ByteSink                                                   : loaded 2 times (x 72B)
Class com.google.common.cache.CacheBuilder                                            : loaded 2 times (x 68B)
Class com.google.common.collect.SingletonImmutableList                                : loaded 2 times (x 203B)
Class Settings_gradle$1                                                               : loaded 2 times (x 70B)
Class org.gradle.internal.classpath.ClassPath                                         : loaded 2 times (x 66B)
Class org.gradle.api.UncheckedIOException                                             : loaded 2 times (x 78B)
Class com.google.common.io.Files$FileByteSource                                       : loaded 2 times (x 81B)
Class com.google.common.collect.ImmutableList$ReverseImmutableList                    : loaded 2 times (x 205B)
Class com.google.common.base.JdkPattern                                               : loaded 2 times (x 71B)
Class org.objectweb.asm.SymbolTable$Entry                                             : loaded 2 times (x 70B)
Class com.google.common.util.concurrent.AbstractFuture$AtomicHelper                   : loaded 2 times (x 74B)
Class org.objectweb.asm.Edge                                                          : loaded 2 times (x 68B)
Class com.google.common.base.Suppliers$SupplierOfInstance                             : loaded 2 times (x 75B)
Class com.google.common.collect.Iterators$1                                           : loaded 2 times (x 77B)
Class com.google.common.cache.LocalCache$ComputingValueReference                      : loaded 2 times (x 92B)
Class com.google.common.collect.SingletonImmutableSet                                 : loaded 2 times (x 142B)
Class com.google.common.collect.ImmutableMap$IteratorBasedImmutableMap                : loaded 2 times (x 122B)
Class com.google.common.cache.LocalCache$Segment                                      : loaded 2 times (x 150B)
Class com.google.common.collect.SortedIterable                                        : loaded 2 times (x 66B)
Class com.google.common.collect.AbstractListMultimap                                  : loaded 2 times (x 168B)
Class [Lorg.objectweb.asm.SymbolTable$Entry;                                          : loaded 2 times (x 65B)
Class com.google.common.cache.CacheLoader                                             : loaded 2 times (x 70B)
Class com.google.common.collect.Iterators$4                                           : loaded 2 times (x 78B)
Class com.google.common.collect.ImmutableBiMap                                        : loaded 2 times (x 139B)
Class org.gradle.internal.installation.GradleInstallation$1                           : loaded 2 times (x 71B)
Class org.gradle.api.internal.classpath.ModuleRegistry                                : loaded 2 times (x 66B)
Class com.google.common.util.concurrent.internal.InternalFutureFailureAccess          : loaded 2 times (x 68B)
Class com.google.common.collect.Iterators$5                                           : loaded 2 times (x 78B)
Class com.google.common.collect.ImmutableSet$JdkBackedSetBuilderImpl                  : loaded 2 times (x 72B)
Class com.google.common.base.Splitter$SplittingIterator                               : loaded 2 times (x 80B)
Class com.google.common.util.concurrent.AbstractFuture$UnsafeAtomicHelper             : loaded 2 times (x 74B)
Class com.google.common.cache.LocalCache$LocalManualCache$1                           : loaded 2 times (x 71B)
Class com.google.common.base.CharMatcher$ForPredicate                                 : loaded 2 times (x 108B)
Class com.google.common.collect.ImmutableCollection                                   : loaded 2 times (x 121B)
Class com.google.common.base.CharMatcher$AnyOf                                        : loaded 2 times (x 108B)
Class org.gradle.api.internal.classpath.DefaultModuleRegistry                         : loaded 2 times (x 82B)
Class com.google.common.util.concurrent.ListenableFuture                              : loaded 2 times (x 66B)
Class com.google.common.cache.ReferenceEntry                                          : loaded 2 times (x 66B)
Class com.google.common.base.Converter                                                : loaded 2 times (x 86B)
Class com.google.common.collect.ImmutableSet$CachingAsList                            : loaded 2 times (x 144B)
Class com.google.common.collect.Lists                                                 : loaded 2 times (x 67B)
Class com.google.common.collect.AbstractMapBasedMultimap                              : loaded 2 times (x 135B)
Class com.google.common.util.concurrent.AbstractFuture                                : loaded 2 times (x 102B)
Class com.google.common.base.FunctionalEquivalence                                    : loaded 2 times (x 79B)
Class com.google.common.collect.Iterators$9                                           : loaded 2 times (x 77B)
Class com.google.common.collect.ImmutableAsList                                       : loaded 2 times (x 205B)
Class org.objectweb.asm.RecordComponentVisitor                                        : loaded 2 times (x 73B)
Class com.google.common.cache.CacheLoader$SupplierToCacheLoader                       : loaded 2 times (x 71B)
Class com.google.common.collect.Maps$EntryTransformer                                 : loaded 2 times (x 66B)
Class org.gradle.internal.service.ServiceLookupException                              : loaded 2 times (x 78B)
Class com.google.common.base.CharMatcher$JavaLetter                                   : loaded 2 times (x 107B)
Class com.google.common.collect.ImmutableSortedSet                                    : loaded 2 times (x 296B)
Class [Lcom.google.common.cache.LocalCache$EntryFactory;                              : loaded 2 times (x 65B)
Class org.gradle.internal.classloader.ClassLoaderFactory                              : loaded 2 times (x 66B)
Class com.google.common.cache.LocalCache$LocalManualCache                             : loaded 2 times (x 95B)
Class com.google.common.base.CharMatcher$IsNot                                        : loaded 2 times (x 107B)
Class com.google.common.base.CommonPattern                                            : loaded 2 times (x 70B)
Class org.gradle.internal.service.CachingServiceLocator                               : loaded 2 times (x 78B)
Class com.google.common.collect.AbstractMapBasedMultimap$KeySet                       : loaded 2 times (x 133B)
Class com.google.common.collect.RegularImmutableSortedSet                             : loaded 2 times (x 296B)
Class com.google.common.math.IntMath                                                  : loaded 2 times (x 67B)
Class com.google.common.collect.ImmutableMapEntry                                     : loaded 2 times (x 81B)
Class com.google.common.base.Equivalence                                              : loaded 2 times (x 78B)
Class com.google.common.base.Function                                                 : loaded 2 times (x 66B)
Class com.google.common.collect.ImmutableMapEntry$NonTerminalImmutableMapEntry        : loaded 2 times (x 81B)
Class com.google.common.cache.CacheBuilder$OneWeigher                                 : loaded 2 times (x 78B)
Class com.google.common.collect.RegularImmutableList                                  : loaded 2 times (x 209B)
Class org.gradle.internal.classloader.ClasspathUtil                                   : loaded 2 times (x 67B)
Class com.google.common.base.Charsets                                                 : loaded 2 times (x 67B)
Class com.google.common.util.concurrent.Uninterruptibles                              : loaded 2 times (x 67B)
Class com.google.common.collect.Maps                                                  : loaded 2 times (x 67B)
Class org.gradle.api.specs.Spec                                                       : loaded 2 times (x 66B)
Class [Lcom.google.common.collect.ImmutableEntry;                                     : loaded 2 times (x 65B)
Class com.google.common.cache.LocalCache$LoadingValueReference                        : loaded 2 times (x 92B)
Class com.google.common.collect.AbstractIterator                                      : loaded 2 times (x 78B)
Class com.google.common.base.Platform                                                 : loaded 2 times (x 67B)
Class [Lorg.objectweb.asm.AnnotationWriter;                                           : loaded 2 times (x 65B)
Class com.google.common.collect.Maps$8                                                : loaded 2 times (x 78B)
Class com.google.common.collect.ImmutableRangeSet$Builder                             : loaded 2 times (x 73B)
Class com.google.common.collect.Sets$SetView                                          : loaded 2 times (x 134B)
Class com.google.common.cache.LocalCache$StrongValueReference                         : loaded 2 times (x 86B)
Class com.google.common.util.concurrent.AbstractFuture$SynchronizedHelper             : loaded 2 times (x 74B)
Class com.google.common.graph.SuccessorsFunction                                      : loaded 2 times (x 66B)
Class org.objectweb.asm.Type                                                          : loaded 2 times (x 68B)
Class org.gradle.internal.classloader.VisitableURLClassLoader$InstrumentingVisitableURLClassLoader: loaded 2 times (x 119B)
Class com.google.common.io.Files$FileByteSink                                         : loaded 2 times (x 73B)
Class org.objectweb.asm.ByteVector                                                    : loaded 2 times (x 75B)
Class [Lcom.google.common.cache.CacheBuilder$NullListener;                            : loaded 2 times (x 65B)
Class com.google.common.math.IntMath$1                                                : loaded 2 times (x 67B)
Class org.gradle.internal.classloader.VisitableURLClassLoader$Spec                    : loaded 2 times (x 70B)
Class org.gradle.internal.classpath.DefaultClassPath                                  : loaded 2 times (x 86B)
Class org.objectweb.asm.Symbol                                                        : loaded 2 times (x 69B)
Class com.google.common.base.AbstractIterator                                         : loaded 2 times (x 76B)
Class com.google.common.io.Closer                                                     : loaded 2 times (x 74B)
Class com.google.common.base.CharMatcher$Ascii                                        : loaded 2 times (x 108B)
Class com.google.common.collect.RegularImmutableMap$Values                            : loaded 2 times (x 203B)
Class com.google.common.collect.ImmutableSet                                          : loaded 2 times (x 141B)
Class com.google.common.base.CharMatcher$BitSetMatcher                                : loaded 2 times (x 108B)
Class org.gradle.internal.classloader.ClassLoaderSpec                                 : loaded 2 times (x 67B)
Class org.objectweb.asm.AnnotationWriter                                              : loaded 2 times (x 75B)
Class com.google.common.cache.CacheStats                                              : loaded 2 times (x 67B)
Class com.google.common.io.LineProcessor                                              : loaded 2 times (x 66B)
Class com.google.common.io.Closer$Suppressor                                          : loaded 2 times (x 66B)
Class org.objectweb.asm.RecordComponentWriter                                         : loaded 2 times (x 74B)
Class com.google.common.util.concurrent.AbstractFuture$Listener                       : loaded 2 times (x 68B)
Class com.google.common.base.CharMatcher$Or                                           : loaded 2 times (x 108B)
Class Settings_gradle$1$1                                                             : loaded 2 times (x 70B)
Class org.objectweb.asm.Attribute                                                     : loaded 2 times (x 73B)
Class com.google.common.base.Supplier                                                 : loaded 2 times (x 66B)
Class org.gradle.internal.classloader.VisitableURLClassLoader                         : loaded 2 times (x 113B)
Class com.google.common.util.concurrent.AbstractFuture$Waiter                         : loaded 2 times (x 68B)
Class Settings_gradle                                                                 : loaded 2 times (x 124B)
Class org.gradle.internal.Cast                                                        : loaded 2 times (x 67B)
Class org.gradle.api.Action                                                           : loaded 2 times (x 66B)
Class com.google.common.base.Strings                                                  : loaded 2 times (x 67B)
Class com.google.common.collect.Sets                                                  : loaded 2 times (x 67B)
Class org.objectweb.asm.Handler                                                       : loaded 2 times (x 68B)
Class com.google.common.base.Ticker                                                   : loaded 2 times (x 68B)
Class com.google.common.base.CharMatcher$FastMatcher                                  : loaded 2 times (x 107B)
Class [Lcom.google.common.cache.LocalCache$Segment;                                   : loaded 2 times (x 65B)
Class [Lcom.google.common.cache.LocalCache$Strength;                                  : loaded 2 times (x 65B)
Class com.google.common.cache.CacheBuilder$1                                          : loaded 2 times (x 81B)
Class com.google.common.collect.ImmutableMap                                          : loaded 2 times (x 116B)
Class com.google.common.base.Predicate                                                : loaded 2 times (x 66B)
Class org.gradle.internal.classpath.DefaultClassPath$ImmutableUniqueList$Builder      : loaded 2 times (x 71B)
Class com.google.common.collect.AbstractRangeSet                                      : loaded 2 times (x 110B)
Class com.google.common.cache.LocalCache                                              : loaded 2 times (x 183B)
Class com.google.common.cache.CacheBuilder$2                                          : loaded 2 times (x 75B)
Class com.google.common.base.CharMatcher$NegatedFastMatcher                           : loaded 2 times (x 109B)
Class com.google.common.collect.ArrayListMultimap                                     : loaded 2 times (x 168B)
Class com.google.common.cache.CacheBuilder$3                                          : loaded 2 times (x 68B)
Class [Lcom.google.common.collect.AbstractMapEntry;                                   : loaded 2 times (x 65B)
Class com.google.common.collect.ImmutableEntry                                        : loaded 2 times (x 78B)
Class org.gradle.api.GradleException                                                  : loaded 2 times (x 78B)
Class com.google.common.collect.CollectPreconditions                                  : loaded 2 times (x 67B)
Class [Lcom.google.common.io.FileWriteMode;                                           : loaded 2 times (x 65B)
Class com.google.common.collect.SortedMapDifference                                   : loaded 2 times (x 66B)
Class com.google.common.io.Files                                                      : loaded 2 times (x 67B)
Class com.google.common.cache.LocalCache$EntryFactory                                 : loaded 2 times (x 79B)
Class com.google.common.cache.LocalCache$AbstractReferenceEntry                       : loaded 2 times (x 103B)
Class com.google.common.base.Splitter$1$1                                             : loaded 2 times (x 82B)
Class org.gradle.internal.IoActions                                                   : loaded 2 times (x 67B)
Class com.google.common.collect.ImmutableRangeSet$ComplementRanges                    : loaded 2 times (x 203B)
Class org.objectweb.asm.SymbolTable                                                   : loaded 2 times (x 68B)
Class com.google.common.cache.CacheLoader$InvalidCacheLoadException                   : loaded 2 times (x 78B)
Class com.google.common.collect.ImmutableSet$RegularSetBuilderImpl                    : loaded 2 times (x 73B)
Class org.gradle.internal.classloader.SystemClassLoaderSpec                           : loaded 2 times (x 67B)
Class com.google.common.cache.LocalCache$StrongEntry                                  : loaded 2 times (x 104B)
Class com.google.common.util.concurrent.AbstractFuture$TrustedFuture                  : loaded 2 times (x 110B)
Class com.google.common.cache.LoadingCache                                            : loaded 2 times (x 66B)
Class com.google.common.io.ByteStreams$LimitedInputStream                             : loaded 2 times (x 88B)
Class org.objectweb.asm.MethodWriter                                                  : loaded 2 times (x 102B)
Class [Lcom.google.common.cache.Weigher;                                              : loaded 2 times (x 65B)
Class com.google.common.collect.RegularImmutableMap$BucketOverflowException           : loaded 2 times (x 78B)
Class com.google.common.collect.RegularImmutableBiMap                                 : loaded 2 times (x 145B)
Class com.google.common.cache.LocalCache$ValueReference                               : loaded 2 times (x 66B)
Class com.google.common.base.CharMatcher$Negated                                      : loaded 2 times (x 109B)
Class com.google.common.base.CharMatcher$Is                                           : loaded 2 times (x 107B)
Class com.google.common.base.PatternCompiler                                          : loaded 2 times (x 66B)
Class com.google.common.util.concurrent.AbstractFuture$Failure                        : loaded 2 times (x 68B)
Class com.google.common.base.Equivalence$Equals                                       : loaded 2 times (x 78B)
Class com.google.common.collect.Hashing                                               : loaded 2 times (x 67B)
Class com.google.common.base.Preconditions                                            : loaded 2 times (x 67B)
Class com.google.common.io.CharSink                                                   : loaded 2 times (x 75B)
Class com.google.common.base.Joiner$1                                                 : loaded 2 times (x 76B)
Class org.objectweb.asm.Label                                                         : loaded 2 times (x 69B)
Class org.objectweb.asm.CurrentFrame                                                  : loaded 2 times (x 69B)
Class org.objectweb.asm.ClassTooLargeException                                        : loaded 2 times (x 79B)
Class com.google.common.collect.PeekingIterator                                       : loaded 2 times (x 66B)
Class com.google.common.base.CharMatcher                                              : loaded 2 times (x 107B)
Class com.google.common.collect.Table                                                 : loaded 2 times (x 66B)
Class com.google.common.collect.Maps$IteratorBasedAbstractMap                         : loaded 2 times (x 121B)
Class com.google.common.collect.RangeGwtSerializationDependencies                     : loaded 2 times (x 67B)
Class com.google.common.base.Joiner$2                                                 : loaded 2 times (x 75B)
Class org.objectweb.asm.Frame                                                         : loaded 2 times (x 69B)
Class org.objectweb.asm.MethodVisitor                                                 : loaded 2 times (x 101B)
Class com.google.common.cache.LocalCache$EntryFactory$1                               : loaded 2 times (x 79B)
Class [Lcom.google.common.cache.RemovalListener;                                      : loaded 2 times (x 65B)
Class com.google.common.base.CharMatcher$NamedFastMatcher                             : loaded 2 times (x 108B)
Class com.google.common.base.CharMatcher$1                                            : loaded 2 times (x 109B)
Class com.google.common.collect.RangeSet                                              : loaded 2 times (x 66B)
Class com.google.common.cache.LocalCache$EntryFactory$2                               : loaded 2 times (x 79B)
Class org.gradle.api.internal.classpath.GlobalCacheRootsProvider                      : loaded 2 times (x 66B)
Class com.google.common.collect.CollectCollectors                                     : loaded 2 times (x 67B)
Class org.objectweb.asm.ModuleWriter                                                  : loaded 2 times (x 78B)
Class com.google.common.cache.LocalCache$EntryFactory$3                               : loaded 2 times (x 79B)
Class com.google.common.base.Ticker$1                                                 : loaded 2 times (x 68B)
Class com.google.common.collect.Maps$BiMapConverter                                   : loaded 2 times (x 86B)
Class com.google.common.collect.ImmutableMapEntrySet$RegularEntrySet                  : loaded 2 times (x 148B)
Class com.google.common.cache.LocalCache$EntryFactory$4                               : loaded 2 times (x 79B)
Class com.google.common.collect.ImmutableSet$Builder                                  : loaded 2 times (x 81B)
Class com.google.common.base.CharMatcher$InRange                                      : loaded 2 times (x 107B)
Class com.google.common.io.ByteStreams$1                                              : loaded 2 times (x 81B)
Class com.google.common.cache.LocalCache$EntryFactory$5                               : loaded 2 times (x 79B)
Class com.google.common.base.PairwiseEquivalence                                      : loaded 2 times (x 79B)
Class com.google.common.cache.LocalCache$EntryFactory$6                               : loaded 2 times (x 79B)
Class org.gradle.internal.installation.CurrentGradleInstallationLocator               : loaded 2 times (x 67B)
Class com.google.common.collect.Maps$KeySet                                           : loaded 2 times (x 133B)
Class com.google.common.cache.LocalCache$EntryFactory$7                               : loaded 2 times (x 79B)
Class com.google.common.collect.ImmutableSet$EmptySetBuilderImpl                      : loaded 2 times (x 72B)
Class com.google.common.collect.ImmutableList                                         : loaded 2 times (x 202B)
Class org.gradle.internal.service.DefaultServiceLocator                               : loaded 2 times (x 79B)
Class com.google.common.collect.Maps$EntrySet                                         : loaded 2 times (x 132B)
Class com.google.common.cache.LocalCache$EntryFactory$8                               : loaded 2 times (x 79B)
Class com.google.common.collect.ImmutableSet$SetBuilderImpl                           : loaded 2 times (x 72B)
Class org.gradle.internal.installation.CurrentGradleInstallation                      : loaded 2 times (x 69B)
Class com.google.common.cache.CacheLoader$1                                           : loaded 2 times (x 71B)
Class com.google.common.collect.ImmutableList$SubList                                 : loaded 2 times (x 205B)
Class org.gradle.util.internal.GUtil                                                  : loaded 2 times (x 67B)
Class com.google.common.io.ByteSource                                                 : loaded 2 times (x 80B)
Class com.google.common.util.concurrent.AbstractFuture$SetFuture                      : loaded 2 times (x 71B)
Class com.google.common.cache.AbstractCache$StatsCounter                              : loaded 2 times (x 66B)
Class com.google.common.collect.Iterators$MergingIterator                             : loaded 2 times (x 77B)
Class com.google.common.collect.RegularImmutableSet                                   : loaded 2 times (x 145B)
Class org.gradle.internal.installation.GradleInstallation                             : loaded 2 times (x 71B)
Class com.google.common.collect.Iterables                                             : loaded 2 times (x 67B)
Class com.google.common.base.Splitter$Strategy                                        : loaded 2 times (x 66B)

---------------  S Y S T E M  ---------------

OS:
 Windows 11 , 64 bit Build 26100 (10.0.26100.7920)
OS uptime: 10 days 16:23 hours
Hyper-V role detected

CPU: total 12 (initial active 12) (12 cores per cpu, 2 threads per core) family 23 model 104 stepping 1 microcode 0x8608103, cx8, cmov, fxsr, ht, mmx, 3dnowpref, sse, sse2, sse3, ssse3, sse4a, sse4.1, sse4.2, popcnt, lzcnt, tsc, tscinvbit, avx, avx2, aes, clmul, bmi1, bmi2, adx, sha, fma, vzeroupper, clflush, clflushopt, hv, rdtscp, rdpid, f16c
Processor Information for the first 12 processors :
  Max Mhz: 2100, Current Mhz: 1686, Mhz Limit: 2100

Memory: 4k page, system-wide physical 15708M (1825M free)
TotalPageFile size 23900M (AvailPageFile size 4M)
current process WorkingSet (physical memory assigned to process): 520M, peak: 522M
current process commit charge ("private bytes"): 557M, peak: 562M

vm_info: OpenJDK 64-Bit Server VM (21.0.6+-13368085-b895.109) for windows-amd64 JRE (21.0.6+-13368085-b895.109), built on 2025-04-16T17:01:31Z by "builder" with MS VC++ 16.10 / 16.11 (VS2019)

END.
